farmer_id,name,location,product,land_size
F7566,Amit,Karnataka,Rice,3.5
F6988,Rajesh,Karnataka,Maize,4.5
F2593,Amit,UP,Wheat,5.0
F1888,Manoj,UP,Potato,5.0
F9899,Manoj,Karnataka,Soybean,2.8
F6292,Ravi,Karnataka,Wheat,3.5
F4361,Ravi,Haryana,Soybean,4.5
F3539,Unknown,UP,Maize,5.0
F6181,Amit,Punjab,Wheat,1.2
F6348,Amit,Unknown,Rice,3.5
F1463,Sunil,UP,Rice,2.8
F6119,Amit,Punjab,Rice,3.5
F8408,Amit,UP,Rice,1.2
F5959,Ravi,Maharashtra,Soybean,5.0
F8035,Rajesh,Haryana,Rice,4.5
F1834,Sunil,Haryana,Soybean,4.5
F4147,Ravi,Maharashtra,Soybean,2.8
F9017,Rajesh,Punjab,Wheat,3.5
F8143,Rajesh,Haryana,Potato,3.5
F3104,Rajesh,Punjab,Potato,2.8
F4088,Ravi,Maharashtra,Wheat,4.5
F9568,Rajesh,UP,Rice,4.5
F1707,Manoj,Punjab,Potato,5.0
F6698,Amit,Karnataka,Soybean,2.8
F4559,Ravi,Unknown,Maize,3.5
F2006,Amit,Maharashtra,Wheat,1.2
F3797,Manoj,Unknown,Maize,4.5
F2591,Sunil,Punjab,Rice,1.2
F5160,Sunil,Haryana,Rice,5.0
F5557,Rajesh,UP,Wheat,3.5
F5738,Manoj,Punjab,Rice,2.8
F8831,Ravi,Maharashtra,Soybean,2.8
F5254,Unknown,Maharashtra,Maize,4.5
F2817,Rajesh,Maharashtra,Soybean,1.2
F8895,Sunil,Karnataka,Maize,4.5
F3386,Amit,UP,Soybean,4.5
F4154,Amit,Karnataka,Soybean,3.5
F1684,Unknown,UP,Maize,5.0
F3701,Ravi,Haryana,Wheat,1.2
F7220,Unknown,Haryana,Potato,3.5
F5995,Rajesh,UP,Soybean,1.2
F3560,Rajesh,Haryana,Potato,4.5
F4340,Manoj,Maharashtra,Soybean,2.8
F9437,Ravi,Punjab,Rice,4.5
F6077,Unknown,Maharashtra,Rice,3.5
F1943,Unknown,Punjab,Wheat,1.2
F2415,Manoj,Unknown,Soybean,2.8
F9796,Manoj,Punjab,Maize,2.8
F7350,Unknown,Karnataka,Wheat,5.0
F1057,Sunil,Unknown,Rice,3.5
F7187,Rajesh,Haryana,Soybean,5.0
F5123,Amit,Punjab,Maize,1.2
F5819,Ravi,Unknown,Wheat,2.8
F2379,Amit,Maharashtra,Soybean,3.5
F8888,Unknown,Karnataka,Rice,3.5
F3698,Ravi,UP,Maize,3.5
F8393,Manoj,Haryana,Maize,2.8
F4075,Amit,UP,Wheat,2.8
F2377,Rajesh,Maharashtra,Soybean,3.5
F2242,Rajesh,Unknown,Rice,5.0
F4945,Unknown,Punjab,Soybean,2.8
F9862,Unknown,Haryana,Rice,1.2
F6210,Ravi,Maharashtra,Potato,5.0
F7889,Unknown,UP,Soybean,5.0
F4496,Unknown,Maharashtra,Soybean,5.0
F5257,Sunil,Punjab,Wheat,3.5
F5588,Rajesh,Maharashtra,Rice,2.8
F7902,Ravi,Unknown,Maize,2.8
F8207,Sunil,Unknown,Potato,1.2
F3246,Unknown,Punjab,Rice,1.2
F6232,Rajesh,Maharashtra,Rice,2.8
F6462,Manoj,Haryana,Rice,4.5
F8440,Rajesh,Unknown,Rice,4.5
F1963,Sunil,Haryana,Soybean,1.2
F8496,Rajesh,Maharashtra,Potato,5.0
F7192,Manoj,Karnataka,Maize,3.5
F1021,Sunil,Maharashtra,Maize,4.5
F8063,Sunil,Maharashtra,Rice,2.8
F6034,Unknown,Karnataka,Wheat,3.5
F7776,Manoj,Unknown,Wheat,3.5
F3456,Rajesh,Maharashtra,Maize,2.8
F5808,Amit,Haryana,Potato,3.5
F5502,Unknown,Haryana,Rice,4.5
F1549,Manoj,Karnataka,Soybean,2.8
F9233,Manoj,UP,Rice,1.2
F3343,Amit,Haryana,Wheat,5.0
F3069,Manoj,UP,Rice,3.5
F5978,Unknown,UP,Wheat,3.5
F9189,Ravi,Maharashtra,Potato,3.5
F7864,Unknown,Punjab,Soybean,3.5
F2857,Rajesh,Punjab,Soybean,1.2
F5398,Unknown,Punjab,Wheat,3.5
F7979,Manoj,Unknown,Soybean,2.8
F5229,Rajesh,Haryana,Soybean,3.5
F4358,Amit,Maharashtra,Potato,4.5
F7485,Rajesh,Karnataka,Wheat,5.0
F9038,Ravi,Unknown,Maize,2.8
F8233,Amit,Unknown,Soybean,4.5
F6466,Rajesh,Unknown,Rice,3.5
F9462,Rajesh,UP,Soybean,5.0
F4605,Manoj,Unknown,Potato,3.5
F3539,Rajesh,Haryana,Maize,5.0
F5831,Manoj,Haryana,Rice,2.8
F8477,Ravi,UP,Rice,4.5
F8857,Rajesh,Karnataka,Potato,3.5
F5531,Amit,Maharashtra,Rice,4.5
F3358,Sunil,Punjab,Soybean,2.8
F3048,Manoj,Punjab,Rice,1.2
F1036,Rajesh,Haryana,Potato,4.5
F9302,Rajesh,Haryana,Wheat,3.5
F1984,Amit,Unknown,Maize,3.5
F2393,Unknown,Haryana,Wheat,3.5
F6524,Rajesh,Unknown,Rice,3.5
F3828,Amit,Punjab,Potato,1.2
F8201,Manoj,Unknown,Rice,1.2
F9046,Sunil,Haryana,Rice,2.8
F3783,Unknown,Unknown,Rice,1.2
F5824,Amit,Punjab,Rice,3.5
F6393,Rajesh,Punjab,Wheat,5.0
F5484,Rajesh,Karnataka,Soybean,3.5
F5037,Rajesh,Karnataka,Maize,5.0
F8368,Amit,UP,Potato,4.5
F8952,Sunil,Karnataka,Wheat,5.0
F2477,Ravi,UP,Wheat,4.5
F6672,Manoj,UP,Rice,4.5
F8019,Rajesh,UP,Maize,2.8
F8670,Sunil,Maharashtra,Maize,2.8
F6743,Rajesh,UP,Potato,5.0
F2091,Ravi,Punjab,Rice,5.0
F2025,Amit,Karnataka,Maize,3.5
F8396,Rajesh,Karnataka,Rice,2.8
F1186,Sunil,Haryana,Soybean,3.5
F3362,Manoj,Maharashtra,Rice,3.5
F9773,Unknown,UP,Rice,1.2
F9646,Ravi,Punjab,Soybean,1.2
F7493,Unknown,Unknown,Potato,3.5
F1767,Ravi,Haryana,Potato,1.2
F5746,Sunil,Unknown,Potato,3.5
F8838,Manoj,UP,Potato,1.2
F8687,Unknown,Unknown,Soybean,2.8
F7469,Sunil,UP,Rice,1.2
F9540,Amit,Punjab,Soybean,1.2
F4713,Sunil,Karnataka,Potato,3.5
F5034,Rajesh,Karnataka,Soybean,4.5
F2884,Sunil,Haryana,Soybean,5.0
F3116,Manoj,Maharashtra,Maize,5.0
F4556,Ravi,Karnataka,Rice,4.5
F3864,Ravi,Maharashtra,Potato,5.0
F2137,Rajesh,UP,Wheat,3.5
F6709,Sunil,Unknown,Soybean,2.8
F7987,Amit,UP,Rice,2.8
F6467,Sunil,Unknown,Maize,5.0
F1604,Amit,Karnataka,Maize,4.5
F8356,Sunil,Punjab,Soybean,5.0
F8036,Manoj,Punjab,Soybean,4.5
F1170,Sunil,Haryana,Soybean,4.5
F9136,Ravi,UP,Soybean,5.0
F8123,Manoj,Unknown,Soybean,1.2
F4929,Unknown,Haryana,Rice,4.5
F6717,Manoj,Punjab,Maize,1.2
F6438,Ravi,Unknown,Maize,1.2
F8755,Sunil,Karnataka,Wheat,3.5
F8085,Rajesh,Maharashtra,Soybean,1.2
F7225,Ravi,Karnataka,Rice,2.8
F6302,Manoj,Unknown,Soybean,1.2
F9644,Sunil,UP,Maize,5.0
F6217,Ravi,Unknown,Maize,4.5
F3075,Sunil,Karnataka,Wheat,3.5
F3076,Manoj,Karnataka,Rice,3.5
F7031,Ravi,Maharashtra,Wheat,2.8
F1281,Manoj,Maharashtra,Maize,5.0
F7330,Rajesh,UP,Potato,3.5
F5937,Sunil,Karnataka,Rice,3.5
F2049,Rajesh,Punjab,Soybean,5.0
F9936,Sunil,Haryana,Potato,3.5
F9792,Unknown,Haryana,Soybean,3.5
F6789,Rajesh,Haryana,Rice,1.2
F8308,Manoj,Haryana,Potato,5.0
F1639,Rajesh,Haryana,Potato,2.8
F7497,Sunil,Haryana,Potato,5.0
F1715,Unknown,Karnataka,Potato,4.5
F5300,Amit,Punjab,Wheat,5.0
F9744,Unknown,Karnataka,Soybean,4.5
F4394,Unknown,Punjab,Maize,4.5
F3359,Amit,UP,Potato,2.8
F1307,Manoj,Punjab,Rice,5.0
F7418,Sunil,Karnataka,Wheat,3.5
F8234,Rajesh,Karnataka,Soybean,4.5
F1427,Manoj,Unknown,Rice,3.5
F4564,Manoj,Haryana,Soybean,3.5
F1376,Sunil,Maharashtra,Soybean,5.0
F3276,Sunil,Karnataka,Soybean,4.5
F3476,Unknown,Maharashtra,Soybean,4.5
F3179,Amit,Haryana,Soybean,1.2
F5243,Manoj,UP,Potato,3.5
F1642,Ravi,Unknown,Potato,3.5
F3842,Sunil,Maharashtra,Wheat,4.5
F7295,Ravi,Haryana,Maize,3.5
F2201,Sunil,Maharashtra,Potato,1.2
F9261,Sunil,Haryana,Potato,1.2
F6595,Ravi,Punjab,Soybean,5.0
F4304,Rajesh,Unknown,Maize,1.2
F9743,Sunil,Unknown,Rice,1.2
F2031,Sunil,Karnataka,Wheat,3.5
F6492,Amit,Haryana,Potato,3.5
F2239,Rajesh,Karnataka,Soybean,1.2
F7965,Amit,Maharashtra,Rice,5.0
F1930,Unknown,Haryana,Rice,2.8
F8274,Rajesh,UP,Maize,3.5
F4835,Ravi,Karnataka,Maize,4.5
F6822,Amit,UP,Potato,3.5
F4341,Ravi,Haryana,Rice,3.5
F8957,Manoj,Karnataka,Potato,3.5
F5927,Unknown,UP,Wheat,1.2
F2002,Ravi,Punjab,Wheat,5.0
F6005,Manoj,Unknown,Potato,1.2
F7293,Ravi,Unknown,Wheat,2.8
F6505,Amit,Punjab,Wheat,5.0
F5592,Rajesh,Maharashtra,Soybean,3.5
F6250,Rajesh,Maharashtra,Potato,2.8
F6442,Ravi,Maharashtra,Maize,2.8
F2893,Amit,Unknown,Wheat,3.5
F4182,Amit,Punjab,Maize,2.8
F3760,Unknown,Unknown,Rice,4.5
F2383,Unknown,Karnataka,Wheat,3.5
F1507,Manoj,Unknown,Potato,4.5
F5904,Unknown,UP,Soybean,3.5
F8098,Ravi,UP,Maize,2.8
F8347,Amit,Punjab,Potato,5.0
F6654,Rajesh,Karnataka,Wheat,5.0
F2251,Ravi,Unknown,Maize,3.5
F8926,Rajesh,Haryana,Maize,5.0
F6348,Ravi,Karnataka,Wheat,3.5
F2498,Sunil,Punjab,Maize,4.5
F9539,Manoj,Punjab,Maize,5.0
F9601,Ravi,Maharashtra,Rice,4.5
F8413,Manoj,Haryana,Rice,4.5
F3333,Unknown,Unknown,Soybean,1.2
F2381,Sunil,Maharashtra,Potato,3.5
F7468,Amit,Punjab,Soybean,1.2
F7953,Unknown,UP,Potato,3.5
F7576,Manoj,Karnataka,Wheat,4.5
F4631,Rajesh,Maharashtra,Potato,5.0
F9324,Ravi,Punjab,Maize,1.2
F6172,Ravi,Punjab,Wheat,5.0
F3047,Amit,Punjab,Wheat,4.5
F3670,Sunil,UP,Wheat,4.5
F9886,Amit,Karnataka,Wheat,1.2
F4225,Unknown,UP,Wheat,3.5
F9443,Rajesh,Unknown,Potato,2.8
F9573,Unknown,Maharashtra,Rice,4.5
F4962,Amit,Karnataka,Potato,1.2
F8595,Sunil,Karnataka,Soybean,4.5
F7383,Amit,Punjab,Potato,2.8
F3100,Ravi,Punjab,Soybean,1.2
F8495,Ravi,Punjab,Soybean,3.5
F3546,Amit,Punjab,Soybean,1.2
F4615,Rajesh,Haryana,Rice,4.5
F6061,Ravi,Haryana,Rice,2.8
F4934,Ravi,Unknown,Wheat,3.5
F7798,Sunil,Unknown,Maize,3.5
F4281,Amit,UP,Soybean,5.0
F6714,Ravi,Punjab,Soybean,5.0
F3624,Rajesh,Karnataka,Wheat,3.5
F8995,Unknown,Punjab,Soybean,2.8
F1742,Ravi,Punjab,Wheat,3.5
F4593,Ravi,Punjab,Wheat,5.0
F2111,Rajesh,Karnataka,Rice,2.8
F2623,Amit,Haryana,Soybean,4.5
F8061,Unknown,Karnataka,Soybean,5.0
F8616,Rajesh,UP,Maize,3.5
F1430,Amit,UP,Wheat,5.0
F2824,Manoj,Haryana,Maize,3.5
F9070,Manoj,UP,Potato,5.0
F3182,Unknown,Karnataka,Rice,2.8
F8058,Unknown,UP,Maize,5.0
F6251,Unknown,Haryana,Rice,1.2
F2957,Rajesh,Karnataka,Wheat,3.5
F5513,Ravi,Maharashtra,Rice,3.5
F9075,Sunil,Maharashtra,Wheat,4.5
F4082,Sunil,Maharashtra,Maize,3.5
F4008,Amit,UP,Maize,4.5
F9049,Amit,Karnataka,Wheat,3.5
F6741,Sunil,Maharashtra,Soybean,3.5
F4811,Amit,Unknown,Wheat,3.5
F8827,Unknown,Unknown,Rice,4.5
F4434,Sunil,UP,Rice,4.5
F5064,Amit,Unknown,Soybean,4.5
F5867,Rajesh,Haryana,Maize,3.5
F8320,Ravi,Unknown,Soybean,3.5
F3462,Ravi,Haryana,Potato,2.8
F3612,Amit,Haryana,Potato,2.8
F3324,Ravi,UP,Rice,3.5
F3218,Unknown,Unknown,Soybean,5.0
F5504,Manoj,UP,Rice,3.5
F8866,Sunil,Haryana,Soybean,3.5
F4716,Unknown,Maharashtra,Maize,4.5
F5960,Rajesh,Haryana,Rice,3.5
F9628,Manoj,Unknown,Potato,3.5
F8574,Rajesh,Punjab,Wheat,4.5
F1566,Sunil,Haryana,Wheat,2.8
F2527,Unknown,Unknown,Rice,2.8
F8216,Rajesh,Maharashtra,Wheat,4.5
F4972,Amit,UP,Soybean,1.2
F5284,Manoj,Maharashtra,Soybean,1.2
F5241,Amit,Unknown,Wheat,3.5
F7304,Unknown,Haryana,Wheat,2.8
F3142,Rajesh,Karnataka,Rice,4.5
F4021,Amit,Haryana,Soybean,3.5
F2480,Amit,Haryana,Wheat,5.0
F8895,Sunil,Unknown,Wheat,1.2
F1167,Unknown,UP,Maize,1.2
F7376,Unknown,UP,Wheat,2.8
F2633,Unknown,Haryana,Maize,3.5
F5873,Manoj,Unknown,Soybean,4.5
F6134,Manoj,Punjab,Maize,1.2
F6533,Unknown,Karnataka,Rice,3.5
F7360,Unknown,Karnataka,Wheat,3.5
F5141,Manoj,Karnataka,Wheat,3.5
F3114,Sunil,Karnataka,Soybean,2.8
F1477,Ravi,Maharashtra,Rice,4.5
F9333,Ravi,Unknown,Rice,4.5
F3750,Unknown,Unknown,Potato,5.0
F2584,Amit,UP,Rice,3.5
F9055,Sunil,Haryana,Wheat,3.5
F8199,Unknown,Haryana,Potato,4.5
F8019,Unknown,Punjab,Maize,1.2
F5391,Sunil,Maharashtra,Wheat,3.5
F2719,Rajesh,Punjab,Rice,2.8
F3831,Manoj,Haryana,Soybean,2.8
F5298,Manoj,UP,Rice,1.2
F9566,Unknown,Haryana,Wheat,2.8
F4400,Manoj,Unknown,Potato,1.2
F5027,Ravi,Karnataka,Potato,3.5
F3699,Ravi,Karnataka,Soybean,5.0
F4851,Sunil,Haryana,Potato,2.8
F2407,Manoj,Maharashtra,Soybean,3.5
F4313,Ravi,Unknown,Wheat,2.8
F3024,Ravi,Haryana,Wheat,5.0
F6619,Amit,Karnataka,Potato,4.5
F1196,Rajesh,Punjab,Soybean,4.5
F2721,Unknown,Unknown,Soybean,5.0
F1898,Sunil,UP,Maize,1.2
F6598,Sunil,UP,Soybean,4.5
F7592,Amit,Karnataka,Soybean,2.8
F7480,Amit,Punjab,Maize,1.2
F6601,Rajesh,Punjab,Potato,3.5
F5770,Unknown,Karnataka,Soybean,5.0
F4000,Rajesh,Haryana,Rice,3.5
F1938,Sunil,Haryana,Potato,1.2
F6879,Unknown,Haryana,Soybean,4.5
F9109,Sunil,Maharashtra,Rice,1.2
F4360,Sunil,Punjab,Maize,4.5
F4217,Sunil,Punjab,Maize,4.5
F2707,Ravi,Unknown,Maize,4.5
F6515,Unknown,Maharashtra,Soybean,3.5
F4167,Ravi,Karnataka,Potato,2.8
F7316,Sunil,Unknown,Soybean,3.5
F1256,Manoj,Haryana,Potato,2.8
F3014,Rajesh,Haryana,Potato,2.8
F3100,Unknown,Karnataka,Potato,3.5
F9465,Rajesh,UP,Potato,5.0
F8576,Manoj,Karnataka,Potato,2.8
F2637,Manoj,Punjab,Soybean,1.2
F9421,Unknown,Karnataka,Soybean,2.8
F8350,Sunil,Karnataka,Potato,2.8
F4600,Ravi,Unknown,Maize,4.5
F9587,Rajesh,Unknown,Wheat,1.2
F8568,Sunil,Unknown,Rice,2.8
F1386,Ravi,Unknown,Wheat,5.0
F5060,Sunil,Unknown,Rice,4.5
F8412,Manoj,Unknown,Potato,3.5
F6249,Ravi,Punjab,Rice,3.5
F7820,Manoj,Unknown,Maize,5.0
F3079,Unknown,Unknown,Maize,1.2
F5281,Manoj,Haryana,Rice,4.5
F4980,Sunil,Haryana,Wheat,1.2
F8110,Amit,Haryana,Soybean,4.5
F4076,Sunil,Maharashtra,Soybean,4.5
F7636,Sunil,Haryana,Rice,5.0
F7209,Ravi,Haryana,Maize,3.5
F5842,Rajesh,Punjab,Rice,3.5
F4498,Sunil,Maharashtra,Maize,1.2
F2684,Ravi,Haryana,Potato,3.5
F6451,Ravi,Unknown,Maize,4.5
F7671,Ravi,Unknown,Rice,5.0
F8841,Unknown,Maharashtra,Rice,3.5
F5161,Rajesh,Maharashtra,Maize,4.5
F5140,Manoj,UP,Wheat,3.5
F9741,Rajesh,Maharashtra,Wheat,1.2
F5074,Manoj,Punjab,Potato,2.8
F3757,Ravi,UP,Soybean,4.5
F9006,Amit,Haryana,Soybean,3.5
F4044,Ravi,Haryana,Maize,3.5
F6701,Unknown,Punjab,Potato,4.5
F1222,Unknown,Punjab,Rice,2.8
F7447,Manoj,UP,Wheat,4.5
F7041,Sunil,Haryana,Wheat,5.0
F5051,Manoj,Punjab,Rice,3.5
F3706,Sunil,Karnataka,Potato,1.2
F1166,Manoj,Haryana,Wheat,4.5
F4040,Rajesh,Karnataka,Wheat,3.5
F4859,Unknown,Karnataka,Maize,2.8
F5949,Unknown,Karnataka,Wheat,1.2
F6469,Amit,Punjab,Soybean,5.0
F7393,Rajesh,Unknown,Maize,2.8
F6758,Sunil,Haryana,Potato,4.5
F8668,Unknown,Unknown,Maize,2.8
F4355,Ravi,Maharashtra,Maize,1.2
F2032,Amit,UP,Wheat,1.2
F5348,Ravi,Haryana,Potato,3.5
F4127,Manoj,UP,Potato,3.5
F3753,Unknown,Maharashtra,Wheat,3.5
F7726,Sunil,UP,Wheat,4.5
F7137,Sunil,Haryana,Rice,1.2
F2559,Rajesh,Unknown,Maize,3.5
F3192,Amit,Maharashtra,Soybean,3.5
F2784,Rajesh,UP,Wheat,3.5
F7834,Manoj,Karnataka,Soybean,3.5
F3395,Ravi,Haryana,Maize,2.8
F1560,Rajesh,Haryana,Soybean,4.5
F8522,Unknown,Maharashtra,Wheat,2.8
F7970,Manoj,Punjab,Soybean,4.5
F9679,Sunil,Karnataka,Maize,1.2
F7699,Rajesh,Maharashtra,Maize,3.5
F1015,Unknown,Unknown,Potato,1.2
F8688,Unknown,Maharashtra,Rice,3.5
F5127,Ravi,Maharashtra,Wheat,1.2
F4975,Unknown,Maharashtra,Potato,3.5
F5328,Ravi,Haryana,Soybean,2.8
F4653,Unknown,Unknown,Potato,4.5
F9960,Amit,UP,Wheat,2.8
F2131,Unknown,Punjab,Potato,3.5
F9338,Unknown,Unknown,Soybean,5.0
F5807,Unknown,Maharashtra,Potato,5.0
F6100,Manoj,UP,Maize,2.8
F1786,Ravi,Haryana,Maize,3.5
F2682,Ravi,UP,Soybean,3.5
F5040,Manoj,Haryana,Soybean,2.8
F7323,Sunil,Karnataka,Rice,4.5
F6189,Unknown,Punjab,Potato,4.5
F4258,Unknown,Unknown,Maize,1.2
F3576,Ravi,UP,Maize,2.8
F8526,Sunil,Maharashtra,Maize,2.8
F8368,Amit,Maharashtra,Soybean,5.0
F7766,Unknown,Unknown,Potato,2.8
F4046,Manoj,Unknown,Potato,3.5
F4409,Manoj,Punjab,Soybean,5.0
F6011,Manoj,Karnataka,Potato,3.5
F7055,Unknown,Punjab,Rice,5.0
F1927,Sunil,Maharashtra,Rice,1.2
F8669,Rajesh,Maharashtra,Maize,4.5
F6594,Manoj,Haryana,Rice,3.5
F8327,Unknown,Karnataka,Rice,3.5
F4459,Ravi,Unknown,Potato,1.2
F6617,Ravi,Haryana,Wheat,4.5
F5030,Unknown,Haryana,Maize,3.5
F8863,Ravi,UP,Soybean,3.5
F1684,Manoj,Maharashtra,Maize,3.5
F9915,Amit,Maharashtra,Maize,2.8
F9732,Amit,Punjab,Potato,1.2
F4467,Amit,Haryana,Maize,2.8
F2897,Sunil,Unknown,Soybean,4.5
F4289,Ravi,Maharashtra,Wheat,1.2
F3687,Amit,Haryana,Potato,3.5
F2280,Amit,Maharashtra,Rice,2.8
F8518,Rajesh,Maharashtra,Wheat,1.2
F7065,Amit,Maharashtra,Potato,3.5
F9133,Unknown,Punjab,Maize,2.8
F7988,Manoj,Unknown,Soybean,2.8
F2555,Manoj,Punjab,Rice,3.5
F3616,Ravi,Punjab,Wheat,5.0
F7412,Manoj,Karnataka,Soybean,1.2
F5614,Unknown,UP,Potato,5.0
F6461,Unknown,UP,Rice,5.0
F7201,Amit,UP,Wheat,3.5
F8634,Unknown,Haryana,Maize,5.0
F1046,Sunil,Haryana,Maize,3.5
F2095,Manoj,Maharashtra,Potato,3.5
F5936,Manoj,Maharashtra,Rice,1.2
F6060,Manoj,Karnataka,Potato,2.8
F3526,Sunil,Maharashtra,Rice,4.5
F7394,Amit,Punjab,Potato,2.8
F6700,Rajesh,Karnataka,Potato,3.5
F4978,Ravi,Punjab,Wheat,1.2
F9974,Sunil,Punjab,Maize,3.5
F9270,Sunil,Maharashtra,Wheat,5.0
F1202,Amit,Haryana,Rice,5.0
F5112,Ravi,Maharashtra,Potato,2.8
F3709,Unknown,Punjab,Maize,2.8
F8443,Rajesh,Karnataka,Potato,3.5
F3451,Unknown,Haryana,Rice,2.8
F5369,Rajesh,UP,Potato,2.8
F6465,Manoj,Haryana,Wheat,5.0
F1612,Amit,Karnataka,Rice,4.5
F4560,Manoj,Maharashtra,Wheat,5.0
F2772,Ravi,Punjab,Potato,5.0
F7585,Manoj,Haryana,Potato,1.2
F8187,Rajesh,Karnataka,Maize,5.0
F1885,Amit,Punjab,Soybean,1.2
F9107,Unknown,Maharashtra,Potato,5.0
F9375,Sunil,Karnataka,Rice,3.5
F7082,Amit,Unknown,Potato,4.5
F6598,Manoj,UP,Soybean,4.5
F1224,Ravi,Unknown,Maize,4.5
F6924,Ravi,UP,Rice,2.8
F1308,Sunil,Maharashtra,Rice,3.5
F8364,Unknown,Haryana,Maize,1.2
F1503,Sunil,Karnataka,Soybean,4.5
F1056,Amit,Maharashtra,Soybean,1.2
F3850,Rajesh,UP,Soybean,3.5
F8346,Manoj,Karnataka,Potato,3.5
F1682,Manoj,Karnataka,Potato,3.5
F6703,Rajesh,Haryana,Wheat,5.0
F5958,Manoj,Maharashtra,Soybean,5.0
F4667,Amit,Haryana,Maize,5.0
F4455,Unknown,Haryana,Maize,3.5
F9613,Ravi,Punjab,Maize,2.8
F4473,Unknown,UP,Soybean,3.5
F8383,Amit,UP,Rice,1.2
F8336,Unknown,Maharashtra,Wheat,3.5
F8650,Sunil,UP,Maize,3.5
F8678,Unknown,Punjab,Maize,4.5
F4041,Amit,UP,Wheat,4.5
F1548,Ravi,UP,Rice,5.0
F1722,Amit,Punjab,Wheat,1.2
F7580,Ravi,Haryana,Maize,5.0
F6857,Sunil,Maharashtra,Potato,1.2
F8172,Amit,Maharashtra,Maize,3.5
F7797,Unknown,UP,Potato,5.0
F9839,Ravi,Punjab,Rice,3.5
F2731,Manoj,Karnataka,Wheat,3.5
F4739,Sunil,UP,Wheat,3.5
F7209,Sunil,Haryana,Maize,4.5
F5258,Manoj,Karnataka,Soybean,4.5
F2497,Unknown,UP,Rice,3.5
F6630,Unknown,Punjab,Maize,3.5
F4546,Rajesh,Punjab,Maize,5.0
F1120,Amit,Haryana,Wheat,2.8
F9931,Manoj,Haryana,Potato,4.5
F6747,Rajesh,Unknown,Maize,3.5
F2121,Unknown,UP,Rice,4.5
F8541,Rajesh,UP,Soybean,3.5
F9684,Manoj,Punjab,Potato,1.2
F5640,Rajesh,Karnataka,Maize,4.5
F2794,Manoj,Karnataka,Potato,3.5
F3117,Ravi,UP,Wheat,2.8
F1941,Ravi,Haryana,Potato,3.5
F3258,Ravi,Maharashtra,Maize,5.0
F4523,Rajesh,UP,Rice,3.5
F9831,Unknown,Punjab,Wheat,3.5
F3533,Ravi,Maharashtra,Soybean,2.8
F3024,Ravi,Unknown,Maize,2.8
F4844,Unknown,Maharashtra,Rice,3.5
F7725,Ravi,Haryana,Wheat,3.5
F8401,Sunil,Punjab,Rice,2.8
F1801,Sunil,Unknown,Rice,3.5
F3175,Rajesh,Unknown,Wheat,3.5
F5337,Amit,UP,Wheat,5.0
F5271,Sunil,Karnataka,Maize,3.5
F1825,Amit,Maharashtra,Potato,5.0
F6854,Unknown,Maharashtra,Wheat,3.5
F8671,Manoj,Karnataka,Rice,3.5
F8748,Unknown,Haryana,Maize,3.5
F1627,Rajesh,Haryana,Wheat,2.8
F9079,Amit,Haryana,Maize,3.5
F8006,Unknown,UP,Potato,5.0
F1590,Manoj,Punjab,Wheat,1.2
F8178,Rajesh,Karnataka,Rice,2.8
F5020,Sunil,Unknown,Potato,5.0
F3385,Unknown,Haryana,Rice,5.0
F5321,Manoj,Karnataka,Wheat,5.0
F6735,Amit,Haryana,Wheat,2.8
F2610,Unknown,Maharashtra,Potato,5.0
F1886,Sunil,Haryana,Rice,4.5
F3226,Sunil,Maharashtra,Rice,3.5
F5567,Ravi,Haryana,Maize,3.5
F3885,Rajesh,Karnataka,Wheat,3.5
F4872,Amit,Punjab,Soybean,3.5
F7161,Manoj,Punjab,Rice,1.2
F8033,Unknown,Unknown,Potato,1.2
F6987,Ravi,Karnataka,Rice,3.5
F2953,Sunil,Punjab,Maize,3.5
F9701,Amit,Unknown,Soybean,1.2
F7033,Manoj,Maharashtra,Potato,2.8
F3958,Sunil,Punjab,Soybean,1.2
F6225,Unknown,UP,Maize,1.2
F4605,Ravi,Karnataka,Soybean,3.5
F5977,Unknown,Punjab,Rice,3.5
F9547,Amit,Karnataka,Soybean,3.5
F1946,Rajesh,Punjab,Soybean,1.2
F8219,Rajesh,Maharashtra,Wheat,4.5
F2705,Sunil,Haryana,Maize,2.8
F4504,Unknown,Punjab,Wheat,3.5
F9602,Rajesh,UP,Soybean,5.0
F7290,Amit,Haryana,Wheat,3.5
F9859,Ravi,Karnataka,Maize,4.5
F1370,Amit,Unknown,Potato,1.2
F6852,Rajesh,Unknown,Potato,3.5
F3441,Unknown,Punjab,Rice,1.2
F5044,Rajesh,Unknown,Potato,3.5
F2273,Manoj,Karnataka,Soybean,5.0
F7108,Sunil,Punjab,Soybean,1.2
F8346,Ravi,Haryana,Rice,2.8
F8441,Unknown,Karnataka,Soybean,5.0
F8720,Amit,Maharashtra,Wheat,4.5
F7706,Manoj,UP,Maize,1.2
F6951,Unknown,Maharashtra,Soybean,3.5
F5387,Sunil,UP,Soybean,3.5
F1020,Rajesh,Haryana,Maize,3.5
F7513,Sunil,Maharashtra,Potato,1.2
F8467,Amit,Haryana,Wheat,1.2
F8483,Manoj,UP,Wheat,3.5
F3821,Amit,Unknown,Maize,1.2
F5567,Ravi,Punjab,Potato,1.2
F2053,Unknown,Karnataka,Maize,5.0
F9506,Rajesh,Haryana,Wheat,3.5
F2862,Rajesh,Punjab,Maize,5.0
F4529,Manoj,Punjab,Wheat,5.0
F4130,Manoj,Punjab,Potato,1.2
F9740,Sunil,Unknown,Soybean,4.5
F8273,Ravi,Maharashtra,Maize,3.5
F5674,Amit,Unknown,Maize,5.0
F7817,Ravi,Maharashtra,Rice,2.8
F6596,Unknown,Maharashtra,Rice,4.5
F3208,Amit,Unknown,Rice,2.8
F6139,Rajesh,UP,Wheat,1.2
F9068,Unknown,Unknown,Wheat,1.2
F8202,Rajesh,Unknown,Potato,1.2
F5877,Ravi,Haryana,Soybean,2.8
F1998,Ravi,Unknown,Potato,5.0
F8075,Sunil,Maharashtra,Soybean,2.8
F2692,Unknown,Unknown,Soybean,3.5
F4157,Sunil,Haryana,Maize,5.0
F7165,Rajesh,Haryana,Rice,2.8
F8797,Sunil,UP,Wheat,5.0
F6668,Amit,Karnataka,Rice,2.8
F3878,Ravi,Haryana,Soybean,2.8
F4250,Amit,Unknown,Wheat,3.5
F4666,Rajesh,Haryana,Wheat,1.2
F4004,Manoj,UP,Soybean,5.0
F4070,Unknown,Punjab,Rice,2.8
F6293,Sunil,UP,Rice,2.8
F3283,Sunil,Unknown,Soybean,3.5
F9993,Sunil,Karnataka,Maize,1.2
F4488,Rajesh,UP,Maize,2.8
F2312,Ravi,Unknown,Wheat,1.2
F7837,Unknown,UP,Rice,5.0
F7643,Unknown,Unknown,Maize,4.5
F7633,Ravi,Haryana,Maize,5.0
F1629,Sunil,Haryana,Potato,1.2
F9693,Rajesh,UP,Maize,1.2
F4895,Manoj,Karnataka,Wheat,3.5
F2731,Amit,Punjab,Wheat,4.5
F7434,Amit,Maharashtra,Potato,5.0
F4389,Manoj,Unknown,Potato,3.5
F5376,Rajesh,Haryana,Potato,3.5
F7323,Amit,Karnataka,Potato,1.2
F9749,Manoj,Karnataka,Potato,3.5
F7293,Sunil,Karnataka,Rice,4.5
F6951,Rajesh,Unknown,Soybean,1.2
F5375,Ravi,UP,Rice,4.5
F9027,Rajesh,Maharashtra,Rice,5.0
F7431,Amit,Karnataka,Potato,5.0
F5804,Ravi,Maharashtra,Rice,5.0
F3222,Rajesh,Haryana,Maize,3.5
F5460,Ravi,Punjab,Potato,3.5
F2610,Rajesh,Karnataka,Maize,3.5
F1698,Unknown,Haryana,Wheat,5.0
F6933,Unknown,Punjab,Maize,3.5
F3701,Sunil,Unknown,Rice,2.8
F4087,Rajesh,Maharashtra,Wheat,2.8
F1741,Ravi,Haryana,Rice,5.0
F2948,Amit,Unknown,Wheat,2.8
F8850,Manoj,Haryana,Rice,3.5
F3914,Manoj,Haryana,Potato,5.0
F4341,Sunil,Punjab,Potato,4.5
F1862,Amit,Karnataka,Wheat,3.5
F5959,Manoj,Punjab,Potato,2.8
F5295,Sunil,Unknown,Wheat,4.5
F5728,Rajesh,UP,Wheat,5.0
F8475,Amit,Unknown,Wheat,1.2
F3858,Manoj,Karnataka,Wheat,3.5
F1531,Unknown,Karnataka,Rice,5.0
F7159,Ravi,Maharashtra,Wheat,1.2
F4317,Ravi,Karnataka,Rice,3.5
F4752,Manoj,Karnataka,Maize,1.2
F1535,Amit,Punjab,Maize,3.5
F5081,Amit,Haryana,Wheat,4.5
F4038,Amit,Maharashtra,Potato,3.5
F1483,Ravi,Karnataka,Maize,5.0
F8233,Unknown,Maharashtra,Potato,5.0
F2958,Ravi,Karnataka,Maize,2.8
F7597,Manoj,UP,Maize,2.8
F6596,Ravi,UP,Maize,3.5
F4388,Ravi,Maharashtra,Rice,3.5
F6250,Amit,UP,Soybean,1.2
F3765,Sunil,UP,Soybean,5.0
F1382,Manoj,Punjab,Soybean,2.8
F7469,Rajesh,Haryana,Potato,1.2
F5192,Amit,Haryana,Potato,3.5
F4273,Ravi,Punjab,Potato,4.5
F1469,Ravi,Punjab,Soybean,1.2
F2216,Amit,Karnataka,Soybean,5.0
F5305,Unknown,Unknown,Wheat,2.8
F6045,Manoj,Karnataka,Maize,2.8
F1268,Amit,Punjab,Wheat,1.2
F3099,Ravi,Unknown,Maize,4.5
F3695,Unknown,Maharashtra,Potato,3.5
F1019,Ravi,Haryana,Potato,2.8
F5399,Sunil,Punjab,Rice,4.5
F8648,Sunil,Haryana,Potato,3.5
F4998,Rajesh,Haryana,Potato,3.5
F4411,Amit,Haryana,Soybean,3.5
F1569,Unknown,Maharashtra,Soybean,1.2
F8566,Ravi,Maharashtra,Maize,5.0
F1263,Unknown,Punjab,Wheat,5.0
F7331,Rajesh,Haryana,Potato,3.5
F7163,Ravi,Unknown,Maize,1.2
F2595,Unknown,UP,Potato,4.5
F7803,Sunil,Punjab,Potato,3.5
F3455,Unknown,Haryana,Potato,3.5
F5561,Amit,Karnataka,Maize,3.5
F8916,Sunil,Unknown,Wheat,2.8
F8318,Unknown,UP,Potato,2.8
F6387,Rajesh,Maharashtra,Maize,3.5
F5984,Unknown,Unknown,Potato,1.2
F3469,Manoj,Maharashtra,Rice,1.2
F7182,Sunil,Karnataka,Rice,3.5
F6219,Sunil,Karnataka,Soybean,2.8
F8162,Rajesh,Punjab,Potato,3.5
F6172,Rajesh,Punjab,Potato,1.2
F1352,Amit,Unknown,Rice,1.2
F5084,Amit,Maharashtra,Potato,3.5
F2463,Rajesh,Karnataka,Soybean,3.5
F5562,Unknown,Karnataka,Potato,1.2
F3139,Manoj,Karnataka,Maize,3.5
F4357,Manoj,UP,Potato,3.5
F9642,Sunil,Karnataka,Rice,4.5
F4361,Manoj,UP,Rice,3.5
F2727,Unknown,Maharashtra,Wheat,1.2
F6110,Ravi,Punjab,Potato,3.5
F2287,Manoj,Unknown,Soybean,3.5
F5285,Ravi,Punjab,Soybean,5.0
F8658,Unknown,Unknown,Maize,1.2
F9870,Sunil,Unknown,Soybean,5.0
F2629,Sunil,Haryana,Maize,4.5
F8413,Manoj,Unknown,Maize,3.5
F5439,Ravi,Punjab,Maize,2.8
F1427,Ravi,Maharashtra,Soybean,1.2
F3700,Manoj,Haryana,Maize,3.5
F5116,Sunil,Maharashtra,Soybean,2.8
F5404,Rajesh,Maharashtra,Potato,2.8
F3835,Unknown,Unknown,Potato,2.8
F6946,Unknown,Karnataka,Maize,3.5
F9619,Unknown,Haryana,Soybean,5.0
F8718,Manoj,Haryana,Soybean,4.5
F9220,Sunil,Punjab,Potato,5.0
F3144,Ravi,Maharashtra,Wheat,3.5
F3335,Ravi,Punjab,Wheat,1.2
F3847,Unknown,UP,Rice,3.5
F9090,Amit,UP,Maize,3.5
F2504,Unknown,Punjab,Wheat,2.8
F8116,Amit,Maharashtra,Maize,2.8
F2792,Rajesh,Punjab,Maize,4.5
F2849,Manoj,UP,Potato,3.5
F8759,Amit,UP,Maize,1.2
F5568,Sunil,Karnataka,Maize,4.5
F3015,Sunil,Punjab,Rice,5.0
F9898,Ravi,Maharashtra,Wheat,4.5
F6549,Ravi,Karnataka,Potato,3.5
F2747,Unknown,Maharashtra,Rice,3.5
F6315,Manoj,Unknown,Soybean,3.5
F2526,Ravi,Unknown,Potato,1.2
F1529,Rajesh,UP,Soybean,5.0
F9176,Unknown,UP,Soybean,3.5
F1626,Sunil,Unknown,Potato,5.0
F3708,Manoj,Haryana,Maize,3.5
F7568,Sunil,Maharashtra,Wheat,2.8
F3009,Unknown,Maharashtra,Potato,1.2
F9049,Ravi,UP,Wheat,5.0
F7940,Ravi,Unknown,Soybean,5.0
F8514,Rajesh,Maharashtra,Rice,1.2
F8388,Manoj,UP,Maize,5.0
F6613,Rajesh,UP,Rice,3.5
F6062,Ravi,Maharashtra,Wheat,3.5
F3058,Unknown,Haryana,Wheat,2.8
F8729,Sunil,UP,Rice,2.8
F8970,Manoj,Haryana,Maize,5.0
F9307,Amit,Karnataka,Wheat,4.5
F7405,Sunil,Unknown,Rice,1.2
F4769,Manoj,Karnataka,Rice,2.8
F2608,Sunil,UP,Soybean,2.8
F6344,Unknown,Punjab,Wheat,3.5
F1823,Unknown,Maharashtra,Maize,4.5
F7658,Manoj,Unknown,Rice,4.5
F6311,Manoj,Maharashtra,Potato,3.5
F2679,Rajesh,Karnataka,Soybean,2.8
F6722,Sunil,Haryana,Rice,4.5
F9387,Amit,Maharashtra,Wheat,1.2
F6146,Ravi,Karnataka,Rice,2.8
F5224,Sunil,Karnataka,Rice,2.8
F9845,Ravi,Haryana,Rice,3.5
F3617,Sunil,UP,Soybean,3.5
F5251,Unknown,UP,Potato,4.5
F5973,Manoj,Punjab,Soybean,1.2
F4149,Ravi,Haryana,Soybean,1.2
F1668,Rajesh,UP,Potato,4.5
F2615,Amit,Unknown,Maize,5.0
F6909,Ravi,Karnataka,Wheat,5.0
F1026,Manoj,UP,Wheat,4.5
F1510,Ravi,UP,Rice,5.0
F3764,Amit,Punjab,Rice,4.5
F7690,Rajesh,Punjab,Potato,5.0
F5831,Unknown,Maharashtra,Wheat,3.5
F1395,Unknown,Unknown,Rice,1.2
F8787,Unknown,Punjab,Maize,3.5
F5285,Rajesh,Maharashtra,Potato,3.5
F9905,Rajesh,Punjab,Maize,3.5
F6339,Rajesh,Maharashtra,Wheat,1.2
F9476,Ravi,Punjab,Maize,3.5
F3192,Sunil,Haryana,Soybean,4.5
F8084,Ravi,Karnataka,Maize,1.2
F2406,Unknown,Punjab,Potato,3.5
F3200,Unknown,Unknown,Rice,5.0
F5136,Rajesh,Haryana,Soybean,3.5
F9557,Ravi,Karnataka,Rice,4.5
F7327,Rajesh,Maharashtra,Maize,2.8
F9359,Unknown,Unknown,Wheat,2.8
F7063,Ravi,Maharashtra,Wheat,3.5
F6825,Unknown,Haryana,Rice,3.5
F8000,Unknown,UP,Maize,3.5
F6916,Manoj,Haryana,Wheat,3.5
F1733,Manoj,Maharashtra,Soybean,4.5
F5165,Amit,Maharashtra,Maize,4.5
F8855,Amit,Haryana,Soybean,1.2
F5492,Unknown,Karnataka,Rice,3.5
F7789,Ravi,UP,Rice,3.5
F9366,Amit,Haryana,Rice,2.8
F4745,Manoj,Punjab,Soybean,3.5
F8545,Manoj,UP,Wheat,5.0
F9480,Rajesh,Haryana,Wheat,4.5
F2541,Amit,Maharashtra,Maize,3.5
F2402,Unknown,Unknown,Soybean,3.5
F1232,Unknown,Punjab,Rice,3.5
F6720,Rajesh,UP,Maize,4.5
F5955,Manoj,Punjab,Wheat,3.5
F2557,Manoj,Karnataka,Soybean,5.0
F8763,Sunil,Unknown,Rice,3.5
F7307,Ravi,Punjab,Potato,3.5
F7848,Sunil,Punjab,Wheat,1.2
F4765,Ravi,Punjab,Potato,4.5
F4859,Rajesh,Maharashtra,Soybean,1.2
F7566,Amit,Karnataka,Rice,3.38
F6988,Rajesh,Karnataka,Maize,4.19
F2593,Amit,UP,Wheat,4.85
F1888,Manoj,UP,Potato,5.16
F9899,Manoj,Karnataka,Soybean,2.87
F6292,Ravi,Karnataka,Wheat,3.3
F4361x,Ravi,Haryana,Soybean,4.88
F3539,Unknown,UP,Maize,4.94
F6181,Amit,Punjabx,Wheat,1.17
F6348,Amit,Unknown,Rice,3.37
F1463,Sunil,UP,Rice,2.78
F6119,Amit,Punjab,Rice,3.57
F8408,Amit,UP,Rice,1.17
F5959,Ravi,Maharashtra,Soybean,5.33
F8035,Rajesh,Haryana,Rice,4.53
F1834,Sunil,Haryana,Soybean,4.51
F4147,Ravi,Maharashtra,Soybean,2.59
F9017,Rajeshx,Punjab,Wheat,3.4
F8143,Rajesh,Haryana,Potato,3.5
F3104,Rajesh,Punjab,Potato,2.87
F4088,Ravi,Maharashtra,Wheat,4.37
F9568,Rajeshx,UP,Rice,4.52
F1707,Manojx,Punjab,Potato,4.56
F6698,Amit,Karnataka,Soybean,2.77
F4559,Ravi,Unknown,Maize,3.24
F2006,Amit,Maharashtra,Wheat,1.28
F3797,Manoj,Unknown,Maize,4.32
F2591,Sunil,Punjab,Rice,1.2
F5160,Sunilx,Haryana,Ricex,5.41
F5557,Rajesh,UP,Wheat,3.41
F5738,Manoj,Punjab,Rice,3.11
F8831,Ravi,Maharashtra,Soybean,2.63
F5254,Unknown,Maharashtra,Maize,4.33
F2817,Rajesh,Maharashtra,Soybean,1.3
F8895,Sunil,Karnataka,Maizex,4.53
F3386,Amit,UP,Soybean,4.46
F4154,Amit,Karnataka,Soybean,3.63
F1684,Unknown,UP,Maize,4.72
F3701,Ravi,Haryana,Wheat,1.23
F7220,Unknown,Haryana,Potato,3.5
F5995,Rajesh,UP,Soybean,1.22
F3560,Rajesh,Haryana,Potato,4.29
F4340,Manoj,Maharashtra,Soybean,2.63
F9437,Ravi,Punjab,Rice,4.53
F6077,Unknown,Maharashtra,Rice,3.57
F1943,Unknown,Punjab,Wheat,1.25
F2415,Manoj,Unknown,Soybean,2.71
F9796,Manoj,Punjab,Maize,2.93
F7350,Unknown,Karnataka,Wheat,5.35
F1057,Sunil,Unknown,Rice,3.63
F7187,Rajesh,Haryana,Soybean,5.02
F5123,Amit,Punjab,Maize,1.19
F5819,Ravi,Unknown,Wheat,2.88
F2379,Amit,Maharashtra,Soybean,3.65
F8888,Unknown,Karnataka,Rice,3.59
F3698,Ravi,UP,Maize,3.84
F8393,Manoj,Haryana,Maize,2.88
F4075,Amit,UP,Wheat,2.92
F2377,Rajesh,Maharashtra,Soybean,3.36
F2242,Rajesh,Unknown,Rice,4.69
F4945,Unknown,Punjab,Soybean,2.82
F9862,Unknown,Haryana,Rice,1.11
F6210,Ravi,Maharashtra,Potato,4.93
F7889,Unknown,UP,Soybean,5.57
F4496,Unknown,Maharashtra,Soybean,5.36
F5257,Sunil,Punjab,Wheat,3.58
F5588,Rajesh,Maharashtra,Rice,2.94
F7902,Ravi,Unknown,Maize,2.98
F8207,Sunil,Unknown,Potato,1.25
F3246,Unknown,Punjab,Rice,1.1
F6232,Rajesh,Maharashtra,Rice,2.79
F6462,Manoj,Haryana,Rice,4.58
F8440,Rajesh,Unknown,Rice,4.73
F1963,Sunil,Haryana,Soybean,1.27
F8496,Rajesh,Maharashtra,Potato,4.87
F7192,Manojx,Karnataka,Maizex,3.49
F1021,Sunilx,Maharashtra,Maize,4.83
F8063,Sunil,Maharashtra,Rice,2.79
F6034,Unknown,Karnataka,Wheat,3.38
F7776,Manoj,Unknown,Wheat,3.3
F3456,Rajesh,Maharashtra,Maizex,2.88
F5808,Amit,Haryana,Potato,3.6
F5502,Unknown,Haryana,Rice,4.79
F1549,Manoj,Karnataka,Soybean,2.78
F9233,Manoj,UP,Rice,1.22
F3343,Amit,Haryana,Wheat,5.02
F3069,Manoj,UP,Rice,3.51
F5978,Unknown,UPx,Wheat,3.85
F9189,Ravi,Maharashtra,Potato,3.6
F7864,Unknown,Punjab,Soybean,3.57
F2857,Rajesh,Punjab,Soybean,1.07
F5398,Unknown,Punjab,Wheat,3.73
F7979,Manoj,Unknown,Soybean,2.61
F5229,Rajesh,Haryana,Soybean,3.46
F4358,Amit,Maharashtra,Potato,4.44
F7485,Rajesh,Karnataka,Wheat,4.87
F9038,Ravi,Unknown,Maizex,2.94
F8233,Amit,Unknown,Soybean,4.74
F6466,Rajesh,Unknown,Rice,3.28
F9462,Rajesh,UP,Soybean,5.54
F4605,Manoj,Unknown,Potato,3.74
F3539,Rajesh,Haryana,Maize,4.94
F5831,Manoj,Haryana,Rice,2.78
F8477,Ravi,UP,Rice,4.78
F8857,Rajesh,Karnataka,Potato,3.26
F5531,Amit,Maharashtra,Rice,4.34
F3358,Sunilx,Punjab,Soybean,2.91
F3048,Manoj,Punjab,Rice,1.26
F1036,Rajesh,Haryana,Potato,4.31
F9302,Rajesh,Haryanax,Wheat,3.81
F1984,Amit,Unknown,Maize,3.5
F2393,Unknown,Haryana,Wheat,3.57
F6524,Rajesh,Unknown,Rice,3.56
F3828,Amit,Punjab,Potato,1.2
F8201,Manoj,Unknown,Rice,1.14
F9046,Sunil,Haryana,Rice,2.64
F3783,Unknown,Unknownx,Rice,1.18
F5824,Amit,Punjabx,Rice,3.32
F6393,Rajesh,Punjab,Wheat,5.2
F5484,Rajesh,Karnataka,Soybean,3.58
F5037,Rajesh,Karnataka,Maizex,5.33
F8368,Amit,UP,Potato,4.49
F8952,Sunil,Karnataka,Wheat,4.93
F2477,Ravi,UP,Wheat,4.73
F6672,Manoj,UP,Rice,4.7
F8019,Rajesh,UP,Maize,2.99
F8670,Sunil,Maharashtra,Maizex,2.74
F6743,Rajesh,UP,Potato,5.16
F2091,Ravi,Punjab,Rice,4.82
F2025,Amit,Karnataka,Maize,3.16
F8396,Rajesh,Karnataka,Ricex,2.97
F1186,Sunil,Haryana,Soybean,3.6
F3362,Manoj,Maharashtra,Rice,3.77
F9773,Unknown,UP,Rice,1.22
F9646,Ravi,Punjab,Soybean,1.23
F7493,Unknown,Unknown,Potato,3.29
F1767,Ravi,Haryana,Potato,1.15
F5746,Sunil,Unknown,Potato,3.35
F8838,Manoj,UP,Potato,1.21
F8687,Unknownx,Unknown,Soybean,2.69
F7469,Sunil,UP,Rice,1.17
F9540x,Amit,Punjab,Soybean,1.17
F4713,Sunil,Karnataka,Potato,3.24
F5034,Rajesh,Karnataka,Soybeanx,4.43
F2884,Sunil,Haryana,Soybean,5.2
F3116x,Manoj,Maharashtra,Maize,5.08
F4556,Ravi,Karnataka,Rice,4.4
F3864,Ravi,Maharashtra,Potato,4.3
F2137,Rajeshx,UP,Wheat,3.38
F6709,Sunil,Unknown,Soybean,2.81
F7987,Amit,UP,Rice,2.97
F6467,Sunil,Unknown,Maize,4.99
F1604,Amit,Karnataka,Maize,3.9
F8356,Sunil,Punjab,Soybean,4.41
F8036,Manoj,Punjab,Soybean,4.64
F1170,Sunil,Haryana,Soybean,4.52
F9136,Ravi,UP,Soybean,4.96
F8123,Manoj,Unknown,Soybean,1.2
F4929,Unknown,Haryanax,Rice,4.53
F6717,Manoj,Punjab,Maize,1.26
F6438,Ravi,Unknown,Maize,1.1
F8755,Sunil,Karnataka,Wheat,3.67
F8085,Rajesh,Maharashtra,Soybean,1.07
F7225,Ravi,Karnataka,Rice,2.76
F6302,Manoj,Unknown,Soybean,1.24
F9644,Sunil,UP,Maize,4.69
F6217,Ravi,Unknown,Maize,4.87
F3075,Sunil,Karnataka,Wheat,3.65
F3076,Manoj,Karnataka,Rice,3.25
F7031,Ravi,Maharashtra,Wheat,2.68
F1281,Manoj,Maharashtra,Maize,5.13
F7330,Rajesh,UP,Potato,3.34
F5937,Sunilx,Karnataka,Rice,3.25
F2049,Rajesh,Punjab,Soybean,4.82
F9936,Sunil,Haryana,Potato,3.56
F9792,Unknown,Haryana,Soybean,3.58
F6789,Rajesh,Haryana,Rice,1.32
F8308,Manoj,Haryana,Potato,5.08
F1639,Rajeshx,Haryana,Potato,2.99
F7497,Sunil,Haryana,Potato,4.75
F1715,Unknown,Karnataka,Potato,4.71
F5300,Amit,Punjab,Wheat,5.21
F9744,Unknown,Karnataka,Soybean,4.54
F4394,Unknown,Punjab,Maize,4.62
F3359,Amit,UP,Potato,2.92
F1307,Manoj,Punjab,Rice,4.99
F7418,Sunil,Karnataka,Wheat,3.61
F8234,Rajesh,Karnataka,Soybean,4.75
F1427,Manoj,Unknown,Rice,3.81
F4564,Manoj,Haryana,Soybean,3.64
F1376,Sunil,Maharashtra,Soybean,4.84
F3276,Sunil,Karnataka,Soybean,4.69
F3476,Unknown,Maharashtra,Soybean,4.32
F3179,Amit,Haryana,Soybean,1.18
F5243,Manoj,UP,Potato,3.13
F1642x,Ravi,Unknown,Potatox,3.55
F3842,Sunil,Maharashtra,Wheat,4.7
F7295,Ravi,Haryana,Maize,3.39
F2201,Sunil,Maharashtra,Potato,1.29
F9261,Sunilx,Haryana,Potato,1.14
F6595,Ravi,Punjab,Soybean,5.41
F4304,Rajesh,Unknown,Maize,1.17
F9743,Sunil,Unknown,Rice,1.1
F2031,Sunil,Karnataka,Wheat,3.27
F6492,Amit,Haryana,Potato,3.71
F2239,Rajesh,Karnataka,Soybeanx,1.26
F7965,Amit,Maharashtra,Rice,5.02
F1930,Unknown,Haryana,Rice,2.82
F8274,Rajesh,UP,Maize,3.63
F4835,Ravi,Karnataka,Maize,4.48
F6822x,Amit,UP,Potato,3.7
F4341,Ravi,Haryana,Rice,3.48
F8957,Manoj,Karnataka,Potato,3.42
F5927,Unknown,UP,Wheat,1.29
F2002,Ravi,Punjab,Wheat,5.28
F6005,Manojx,Unknown,Potato,1.14
F7293,Ravi,Unknown,Wheat,2.68
F6505,Amit,Punjab,Wheat,4.93
F5592,Rajesh,Maharashtra,Soybean,3.34
F6250,Rajesh,Maharashtra,Potato,2.49
F6442,Ravi,Maharashtra,Maize,2.71
F2893,Amit,Unknown,Wheat,3.46
F4182,Amitx,Punjab,Maize,2.52
F3760,Unknown,Unknown,Rice,4.52
F2383,Unknown,Karnataka,Wheat,3.64
F1507,Manoj,Unknown,Potato,4.54
F5904,Unknown,UP,Soybean,3.43
F8098,Ravi,UP,Maize,2.82
F8347,Amit,Punjab,Potato,4.8
F6654,Rajesh,Karnataka,Wheat,5.49
F2251,Ravix,Unknown,Maize,3.58
F8926,Rajesh,Haryana,Maizex,4.94
F6348,Ravi,Karnataka,Wheat,3.36
F2498,Sunil,Punjab,Maizex,4.48
F9539,Manoj,Punjab,Maize,5.02
F9601,Ravi,Maharashtra,Rice,4.62
F8413,Manoj,Haryana,Rice,4.43
F3333,Unknown,Unknown,Soybean,1.26
F2381,Sunil,Maharashtra,Potato,3.54
F7468,Amit,Punjab,Soybean,1.19
F7953,Unknown,UP,Potato,3.58
F7576,Manoj,Karnataka,Wheat,3.9
F4631,Rajesh,Maharashtra,Potato,4.7
F9324,Ravi,Punjab,Maize,1.29
F6172,Ravi,Punjabx,Wheat,5.16
F3047,Amit,Punjab,Wheatx,4.67
F3670,Sunil,UP,Wheat,4.5
F9886,Amit,Karnataka,Wheat,1.32
F4225x,Unknown,UP,Wheat,3.35
F9443,Rajesh,Unknown,Potato,2.95
F9573,Unknown,Maharashtra,Rice,4.82
F4962,Amit,Karnataka,Potato,1.18
F8595x,Sunil,Karnataka,Soybean,4.75
F7383,Amit,Punjab,Potato,2.55
F3100,Ravi,Punjab,Soybean,1.2
F8495,Ravi,Punjab,Soybean,3.66
F3546,Amit,Punjab,Soybean,1.28
F4615,Rajesh,Haryana,Rice,4.6
F6061,Ravi,Haryana,Rice,2.84
F4934,Ravi,Unknown,Wheat,3.48
F7798,Sunil,Unknown,Maize,3.62
F4281,Amit,UPx,Soybean,5.31
F6714,Ravi,Punjab,Soybean,5.03
F3624,Rajesh,Karnatakax,Wheat,3.36
F8995,Unknown,Punjab,Soybeanx,2.83
F1742,Ravi,Punjab,Wheat,3.22
F4593,Ravix,Punjab,Wheat,4.79
F2111,Rajesh,Karnatakax,Rice,2.84
F2623,Amit,Haryana,Soybean,4.81
F8061,Unknown,Karnataka,Soybean,4.97
F8616,Rajesh,UP,Maize,3.33
F1430,Amit,UP,Wheat,4.95
F2824x,Manojx,Haryana,Maize,3.7
F9070,Manoj,UP,Potato,4.73
F3182,Unknown,Karnataka,Ricex,2.69
F8058,Unknownx,UP,Maize,4.87
F6251,Unknown,Haryana,Rice,1.23
F2957,Rajesh,Karnataka,Wheat,3.95
F5513,Ravi,Maharashtra,Rice,3.55
F9075,Sunil,Maharashtra,Wheat,5.08
F4082,Sunil,Maharashtra,Maize,3.25
F4008,Amit,UP,Maize,4.6
F9049,Amit,Karnataka,Wheat,3.66
F6741,Sunil,Maharashtra,Soybean,3.6
F4811,Amit,Unknown,Wheat,3.4
F8827,Unknownx,Unknown,Ricex,4.44
F4434,Sunil,UP,Rice,4.48
F5064,Amit,Unknown,Soybean,4.52
F5867,Rajesh,Haryana,Maize,3.48
F8320x,Ravi,Unknown,Soybean,3.24
F3462,Ravi,Haryana,Potato,2.67
F3612,Amit,Haryana,Potato,2.65
F3324,Ravi,UP,Rice,3.17
F3218,Unknown,Unknownx,Soybean,4.93
F5504,Manoj,UP,Rice,3.48
F8866,Sunil,Haryana,Soybean,3.37
F4716,Unknown,Maharashtra,Maize,4.51
F5960,Rajesh,Haryanax,Rice,3.43
F9628,Manoj,Unknown,Potato,3.35
F8574,Rajesh,Punjab,Wheat,4.53
F1566,Sunil,Haryana,Wheat,2.62
F2527,Unknown,Unknown,Rice,2.65
F8216,Rajesh,Maharashtrax,Wheat,4.43
F4972,Amit,UP,Soybean,1.18
F5284,Manoj,Maharashtra,Soybean,1.18
F5241,Amit,Unknown,Wheat,3.5
F7304,Unknownx,Haryana,Wheat,2.84
F3142,Rajesh,Karnataka,Rice,4.6
F4021,Amit,Haryana,Soybean,3.52
F2480,Amitx,Haryana,Wheat,5.01
F8895,Sunil,Unknown,Wheat,1.12
F1167,Unknown,UP,Maize,1.26
F7376,Unknown,UP,Wheat,2.82
F2633,Unknown,Haryana,Maize,3.43
F5873,Manoj,Unknown,Soybean,4.61
F6134,Manoj,Punjab,Maize,1.15
F6533,Unknown,Karnatakax,Rice,3.47
F7360,Unknown,Karnataka,Wheat,3.6
F5141,Manoj,Karnataka,Wheat,3.54
F3114,Sunil,Karnataka,Soybean,2.73
F1477,Ravi,Maharashtra,Rice,4.69
F9333,Ravi,Unknown,Rice,4.43
F3750,Unknown,Unknown,Potato,5.41
F2584,Amit,UP,Rice,3.64
F9055,Sunil,Haryana,Wheat,3.92
F8199,Unknown,Haryana,Potatox,4.83
F8019,Unknown,Punjab,Maize,1.23
F5391,Sunil,Maharashtra,Wheat,3.55
F2719,Rajesh,Punjab,Rice,2.86
F3831,Manoj,Haryana,Soybean,2.99
F5298,Manoj,UP,Rice,1.23
F9566,Unknown,Haryana,Wheat,2.93
F4400,Manoj,Unknownx,Potato,1.17
F5027,Ravi,Karnataka,Potato,3.54
F3699,Ravi,Karnataka,Soybean,5.37
F4851x,Sunil,Haryana,Potato,2.61
F2407,Manoj,Maharashtra,Soybean,3.32
F4313,Ravi,Unknown,Wheat,2.87
F3024,Ravi,Haryana,Wheat,5.03
F6619,Amit,Karnataka,Potato,4.15
F1196,Rajesh,Punjab,Soybean,4.71
F2721,Unknown,Unknown,Soybean,5.11
F1898,Sunil,UP,Maize,1.19
F6598,Sunil,UP,Soybean,4.59
F7592,Amit,Karnataka,Soybean,2.87
F7480,Amit,Punjab,Maize,1.13
F6601,Rajesh,Punjab,Potato,3.42
F5770,Unknown,Karnataka,Soybean,4.51
F4000,Rajesh,Haryana,Rice,3.84
F1938,Sunil,Haryana,Potato,1.25
F6879,Unknown,Haryana,Soybean,4.47
F9109,Sunil,Maharashtra,Rice,1.21
F4360,Sunil,Punjab,Maize,4.5
F4217,Sunil,Punjab,Maize,4.72
F2707,Ravi,Unknown,Maize,4.51
F6515,Unknown,Maharashtra,Soybean,3.61
F4167,Ravix,Karnataka,Potato,2.76
F7316,Sunil,Unknown,Soybean,3.64
F1256,Manoj,Haryana,Potato,3.1
F3014,Rajesh,Haryana,Potato,2.73
F3100,Unknown,Karnataka,Potato,3.28
F9465,Rajesh,UP,Potato,5.24
F8576,Manoj,Karnatakax,Potato,2.74
F2637,Manoj,Punjab,Soybean,1.33
F9421,Unknown,Karnataka,Soybean,2.71
F8350,Sunil,Karnataka,Potato,2.95
F4600,Ravi,Unknown,Maizex,4.57
F9587,Rajesh,Unknown,Wheat,1.25
F8568,Sunil,Unknown,Rice,3.09
F1386x,Ravi,Unknown,Wheat,4.79
F5060,Sunil,Unknown,Rice,4.5
F8412,Manoj,Unknown,Potato,3.49
F6249,Ravi,Punjab,Rice,3.55
F7820,Manoj,Unknown,Maize,4.87
F3079,Unknown,Unknown,Maize,1.19
F5281,Manoj,Haryana,Rice,5.08
F4980,Sunil,Haryanax,Wheat,1.22
F8110,Amit,Haryana,Soybean,4.81
F4076,Sunil,Maharashtra,Soybean,4.46
F7636,Sunil,Haryana,Ricex,5.28
F7209,Ravi,Haryana,Maizex,3.52
F5842,Rajesh,Punjab,Rice,3.12
F4498,Sunil,Maharashtra,Maize,1.11
F2684,Ravi,Haryana,Potato,3.26
F6451,Ravi,Unknown,Maize,4.53
F7671,Ravi,Unknown,Rice,4.65
F8841,Unknown,Maharashtra,Rice,3.5
F5161,Rajesh,Maharashtra,Maize,4.6
F5140,Manojx,UP,Wheat,3.39
F9741,Rajesh,Maharashtra,Wheatx,1.21
F5074,Manoj,Punjab,Potato,2.67
F3757,Ravi,UP,Soybean,4.37
F9006,Amit,Haryana,Soybean,3.5
F4044,Ravi,Haryana,Maize,3.49
F6701,Unknown,Punjab,Potatox,4.9
F1222,Unknown,Punjab,Rice,2.89
F7447,Manoj,UP,Wheat,4.69
F7041x,Sunil,Haryana,Wheat,4.93
F5051,Manoj,Punjab,Rice,3.64
F3706,Sunil,Karnataka,Potato,1.21
F1166,Manoj,Haryana,Wheat,4.74
F4040,Rajesh,Karnataka,Wheat,3.57
F4859,Unknown,Karnataka,Maize,3.17
F5949,Unknown,Karnatakax,Wheat,1.27
F6469,Amit,Punjab,Soybean,5.37
F7393,Rajeshx,Unknown,Maize,2.55
F6758,Sunil,Haryana,Potato,4.68
F8668,Unknown,Unknown,Maize,2.74
F4355,Ravi,Maharashtra,Maize,1.12
F2032,Amit,UP,Wheat,1.16
F5348,Ravi,Haryana,Potato,3.54
F4127,Manoj,UP,Potato,3.36
F3753,Unknown,Maharashtra,Wheat,3.24
F7726,Sunil,UP,Wheat,4.7
F7137,Sunil,Haryana,Rice,1.06
F2559,Rajeshx,Unknown,Maize,3.2
F3192,Amit,Maharashtra,Soybean,3.53
F2784,Rajesh,UP,Wheat,3.37
F7834,Manoj,Karnataka,Soybean,3.24
F3395,Ravi,Haryana,Maize,2.96
F1560,Rajesh,Haryana,Soybean,4.22
F8522,Unknown,Maharashtra,Wheat,2.66
F7970,Manoj,Punjab,Soybean,4.93
F9679,Sunil,Karnataka,Maize,1.29
F7699,Rajesh,Maharashtra,Maize,3.34
F1015,Unknown,Unknown,Potato,1.22
F8688,Unknownx,Maharashtra,Rice,3.61
F5127,Ravi,Maharashtra,Wheat,1.26
F4975,Unknown,Maharashtra,Potato,3.39
F5328,Ravi,Haryana,Soybean,2.65
F4653,Unknown,Unknown,Potato,4.12
F9960,Amit,UP,Wheat,2.84
F2131,Unknown,Punjab,Potato,3.34
F9338,Unknown,Unknown,Soybean,5.23
F5807,Unknown,Maharashtra,Potato,4.85
F6100,Manoj,UP,Maize,2.75
F1786,Ravi,Haryana,Maize,3.86
F2682,Ravi,UP,Soybean,3.33
F5040,Manoj,Haryana,Soybean,2.77
F7323,Sunil,Karnataka,Rice,4.84
F6189,Unknown,Punjab,Potato,4.92
F4258,Unknown,Unknown,Maize,1.16
F3576,Ravi,UP,Maize,2.55
F8526,Sunil,Maharashtra,Maize,2.67
F8368,Amit,Maharashtra,Soybean,4.95
F7766,Unknown,Unknown,Potato,2.95
F4046,Manoj,Unknown,Potato,3.53
F4409,Manoj,Punjab,Soybean,4.8
F6011,Manoj,Karnatakax,Potato,3.55
F7055,Unknown,Punjab,Ricex,5.17
F1927,Sunil,Maharashtra,Rice,1.19
F8669,Rajeshx,Maharashtra,Maize,4.02
F6594,Manoj,Haryana,Rice,3.66
F8327,Unknown,Karnataka,Rice,3.32
F4459,Ravi,Unknown,Potato,1.17
F6617,Ravi,Haryanax,Wheat,4.21
F5030,Unknown,Haryana,Maize,3.14
F8863,Ravi,UP,Soybean,3.43
F1684,Manoj,Maharashtra,Maize,3.44
F9915,Amit,Maharashtra,Maize,2.95
F9732,Amit,Punjab,Potato,1.29
F4467,Amit,Haryana,Maize,2.82
F2897,Sunil,Unknown,Soybean,4.4
F4289,Ravi,Maharashtrax,Wheat,1.12
F3687,Amit,Haryana,Potato,3.63
F2280,Amit,Maharashtra,Rice,3.08
F8518,Rajesh,Maharashtra,Wheat,1.19
F7065,Amit,Maharashtra,Potato,3.6
F9133,Unknown,Punjab,Maizex,3.08
F7988,Manojx,Unknownx,Soybean,2.77
F2555,Manoj,Punjab,Rice,3.13
F3616,Ravi,Punjab,Wheat,5.18
F7412,Manojx,Karnataka,Soybean,1.23
F5614,Unknown,UP,Potato,5.42
F6461,Unknown,UP,Rice,5.3
F7201,Amit,UP,Wheat,3.73
F8634,Unknown,Haryana,Maize,4.83
F1046,Sunil,Haryana,Maize,3.67
F2095,Manoj,Maharashtra,Potato,3.45
F5936,Manoj,Maharashtra,Rice,1.29
F6060,Manoj,Karnataka,Potato,2.75
F3526,Sunil,Maharashtra,Rice,4.64
F7394,Amit,Punjab,Potato,2.64
F6700x,Rajesh,Karnataka,Potato,3.75
F4978,Ravi,Punjab,Wheatx,1.21
F9974,Sunil,Punjab,Maize,3.32
F9270,Sunil,Maharashtra,Wheat,4.99
F1202,Amit,Haryanax,Rice,4.9
F5112,Ravi,Maharashtra,Potato,2.71
F3709,Unknown,Punjab,Maize,2.98
F8443,Rajesh,Karnataka,Potato,3.44
F3451,Unknown,Haryana,Rice,2.91
F5369,Rajeshx,UP,Potato,2.97
F6465,Manoj,Haryana,Wheat,5.1
F1612,Amit,Karnataka,Rice,4.7
F4560,Manojx,Maharashtra,Wheat,5.18
F2772,Ravi,Punjab,Potato,4.92
F7585,Manoj,Haryanax,Potato,1.13
F8187,Rajesh,Karnataka,Maize,5.05
F1885,Amit,Punjab,Soybean,1.16
F9107,Unknown,Maharashtra,Potato,5.14
F9375,Sunil,Karnataka,Rice,3.38
F7082,Amit,Unknown,Potato,4.79
F6598,Manoj,UP,Soybean,4.4
F1224,Ravi,Unknown,Maize,4.81
F6924,Ravi,UP,Rice,2.91
F1308,Sunil,Maharashtra,Rice,3.39
F8364,Unknown,Haryana,Maize,1.28
F1503,Sunil,Karnataka,Soybean,4.53
F1056,Amit,Maharashtra,Soybeanx,1.14
F3850,Rajesh,UP,Soybean,3.71
F8346x,Manoj,Karnataka,Potato,3.64
F1682,Manoj,Karnataka,Potato,3.67
F6703,Rajesh,Haryana,Wheat,4.99
F5958,Manoj,Maharashtra,Soybean,4.88
F4667,Amit,Haryana,Maize,4.96
F4455,Unknown,Haryana,Maize,3.42
F9613,Ravi,Punjab,Maize,3.11
F4473,Unknown,UP,Soybean,3.35
F8383,Amitx,UP,Rice,1.25
F8336,Unknown,Maharashtra,Wheat,3.39
F8650,Sunil,UP,Maizex,3.48
F8678,Unknown,Punjab,Maize,4.47
F4041,Amit,UPx,Wheat,4.59
F1548,Ravi,UP,Rice,5.54
F1722x,Amit,Punjab,Wheat,1.27
F7580,Ravi,Haryana,Maize,4.91
F6857,Sunil,Maharashtrax,Potato,1.19
F8172,Amit,Maharashtra,Maize,3.66
F7797,Unknown,UP,Potato,5.31
F9839,Ravi,Punjab,Rice,3.26
F2731,Manoj,Karnataka,Wheat,3.32
F4739,Sunil,UP,Wheat,3.15
F7209,Sunil,Haryana,Maize,4.5
F5258,Manoj,Karnataka,Soybean,4.32
F2497,Unknown,UP,Rice,3.43
F6630,Unknown,Punjab,Maize,3.58
F4546,Rajesh,Punjab,Maize,5.21
F1120,Amit,Haryana,Wheat,2.76
F9931,Manoj,Haryana,Potato,4.47
F6747,Rajesh,Unknown,Maize,3.36
F2121,Unknown,UP,Rice,4.48
F8541,Rajesh,UP,Soybean,3.83
F9684,Manoj,Punjab,Potato,1.19
F5640,Rajesh,Karnataka,Maize,4.7
F2794,Manoj,Karnataka,Potato,3.46
F3117,Ravi,UP,Wheat,2.76
F1941,Ravi,Haryana,Potato,3.87
F3258,Ravi,Maharashtra,Maize,4.98
F4523,Rajesh,UP,Rice,3.42
F9831,Unknown,Punjab,Wheat,3.45
F3533,Ravix,Maharashtra,Soybean,2.8
F3024,Ravi,Unknown,Maize,2.77
F4844,Unknown,Maharashtra,Rice,3.67
F7725,Ravi,Haryana,Wheat,3.64
F8401x,Sunil,Punjab,Rice,2.89
F1801,Sunil,Unknown,Rice,3.49
F3175,Rajesh,Unknown,Wheat,3.46
F5337,Amit,UP,Wheat,5.13
F5271,Sunil,Karnataka,Maize,2.99
F1825,Amit,Maharashtra,Potato,5.24
F6854,Unknown,Maharashtra,Wheat,3.22
F8671,Manoj,Karnataka,Rice,3.41
F8748,Unknown,Haryana,Maize,3.45
F1627,Rajesh,Haryana,Wheat,2.78
F9079,Amit,Haryana,Maize,3.29
F8006,Unknown,UP,Potatox,4.64
F1590,Manoj,Punjab,Wheat,1.26
F8178,Rajesh,Karnataka,Rice,2.88
F5020,Sunil,Unknown,Potato,4.74
F3385,Unknown,Haryana,Ricex,5.1
F5321,Manoj,Karnataka,Wheat,4.99
F6735,Amit,Haryana,Wheat,2.84
F2610,Unknown,Maharashtra,Potatox,5.33
F1886,Sunil,Haryana,Rice,4.73
F3226,Sunil,Maharashtra,Rice,3.74
F5567,Ravi,Haryana,Maize,3.53
F3885,Rajesh,Karnataka,Wheat,3.48
F4872,Amit,Punjab,Soybean,3.56
F7161,Manoj,Punjab,Rice,1.22
F8033,Unknown,Unknown,Potato,1.23
F6987,Ravi,Karnataka,Rice,3.72
F2953,Sunil,Punjab,Maize,3.77
F9701,Amitx,Unknown,Soybean,1.16
F7033,Manojx,Maharashtra,Potato,2.76
F3958,Sunil,Punjab,Soybean,1.1
F6225,Unknown,UP,Maize,1.23
F4605,Ravi,Karnataka,Soybean,3.49
F5977,Unknown,Punjab,Rice,3.39
F9547,Amitx,Karnataka,Soybean,3.62
F1946,Rajesh,Punjab,Soybean,1.23
F8219,Rajeshx,Maharashtra,Wheat,4.61
F2705x,Sunil,Haryana,Maize,2.7
F4504,Unknown,Punjab,Wheat,3.9
F9602x,Rajesh,UP,Soybean,4.78
F7290,Amit,Haryana,Wheat,3.56
F9859,Ravi,Karnataka,Maize,4.33
F1370,Amit,Unknown,Potato,1.08
F6852,Rajesh,Unknown,Potato,3.55
F3441,Unknown,Punjab,Rice,1.21
F5044,Rajesh,Unknown,Potato,3.53
F2273,Manoj,Karnataka,Soybean,5.6
F7108,Sunil,Punjab,Soybean,1.22
F8346,Ravix,Haryana,Rice,3.02
F8441,Unknown,Karnataka,Soybean,5.21
F8720,Amit,Maharashtra,Wheat,4.75
F7706,Manoj,UP,Maize,1.3
F6951x,Unknown,Maharashtra,Soybean,3.61
F5387,Sunilx,UP,Soybean,3.59
F1020,Rajesh,Haryana,Maize,3.35
F7513,Sunil,Maharashtrax,Potato,1.14
F8467,Amit,Haryana,Wheat,1.23
F8483,Manoj,UP,Wheat,3.26
F3821,Amit,Unknown,Maize,1.13
F5567,Ravi,Punjab,Potato,1.23
F2053,Unknown,Karnatakax,Maize,5.29
F9506,Rajesh,Haryana,Wheat,3.79
F2862,Rajesh,Punjab,Maize,4.92
F4529,Manoj,Punjab,Wheat,4.91
F4130,Manoj,Punjab,Potato,1.08
F9740x,Sunil,Unknown,Soybean,4.42
F8273,Ravi,Maharashtra,Maize,3.53
F5674x,Amit,Unknown,Maize,4.74
F7817x,Ravi,Maharashtra,Rice,2.76
F6596,Unknown,Maharashtra,Rice,4.34
F3208,Amit,Unknown,Rice,2.94
F6139,Rajesh,UP,Wheat,1.21
F9068,Unknown,Unknown,Wheat,1.21
F8202,Rajesh,Unknown,Potato,1.16
F5877x,Ravi,Haryana,Soybean,2.82
F1998,Ravix,Unknown,Potato,4.67
F8075,Sunil,Maharashtra,Soybean,2.6
F2692,Unknown,Unknown,Soybean,3.55
F4157,Sunil,Haryana,Maize,5.27
F7165,Rajesh,Haryana,Rice,2.77
F8797,Sunil,UP,Wheat,4.84
F6668,Amit,Karnataka,Rice,2.86
F3878,Ravi,Haryana,Soybean,2.83
F4250,Amit,Unknown,Wheat,3.63
F4666,Rajesh,Haryana,Wheat,1.15
F4004,Manoj,UPx,Soybean,4.99
F4070,Unknown,Punjab,Rice,3.2
F6293,Sunilx,UP,Rice,2.68
F3283,Sunil,Unknown,Soybean,3.56
F9993,Sunil,Karnataka,Maize,1.24
F4488,Rajesh,UP,Maize,2.86
F2312,Ravi,Unknown,Wheat,1.19
F7837,Unknown,UP,Rice,4.94
F7643,Unknown,Unknown,Maize,4.6
F7633,Ravi,Haryana,Maize,4.49
F1629,Sunil,Haryana,Potato,1.27
F9693,Rajesh,UP,Maize,1.18
F4895,Manoj,Karnatakax,Wheat,3.12
F2731,Amit,Punjab,Wheat,4.62
F7434,Amit,Maharashtra,Potato,5.0
F4389,Manoj,Unknown,Potato,3.66
F5376,Rajesh,Haryana,Potato,3.77
F7323,Amit,Karnataka,Potato,1.09
F9749,Manoj,Karnataka,Potatox,3.47
F7293,Sunil,Karnatakax,Rice,4.66
F6951,Rajesh,Unknown,Soybean,1.22
F5375,Ravi,UP,Rice,4.52
F9027,Rajesh,Maharashtra,Rice,4.6
F7431,Amit,Karnataka,Potato,5.26
F5804,Ravi,Maharashtra,Rice,5.0
F3222,Rajesh,Haryana,Maize,3.34
F5460,Ravi,Punjab,Potato,3.44
F2610,Rajesh,Karnataka,Maize,3.74
F1698,Unknown,Haryana,Wheat,5.19
F6933,Unknown,Punjab,Maize,3.55
F3701x,Sunil,Unknown,Rice,2.69
F4087x,Rajesh,Maharashtra,Wheat,2.79
F1741,Ravi,Haryana,Rice,4.84
F2948,Amit,Unknown,Wheat,2.57
F8850,Manojx,Haryana,Rice,3.79
F3914,Manoj,Haryana,Potato,5.19
F4341,Sunil,Punjab,Potato,4.57
F1862,Amit,Karnataka,Wheat,3.46
F5959,Manoj,Punjab,Potato,2.87
F5295,Sunil,Unknown,Wheatx,4.82
F5728,Rajesh,UP,Wheat,5.61
F8475,Amit,Unknown,Wheat,1.19
F3858,Manoj,Karnataka,Wheat,3.5
F1531,Unknownx,Karnataka,Rice,4.95
F7159,Ravi,Maharashtra,Wheatx,1.18
F4317,Ravi,Karnataka,Rice,4.04
F4752,Manoj,Karnataka,Maize,1.16
F1535,Amit,Punjab,Maize,3.56
F5081,Amit,Haryana,Wheat,4.67
F4038x,Amit,Maharashtra,Potato,3.45
F1483,Ravi,Karnataka,Maize,5.15
F8233,Unknown,Maharashtra,Potato,5.19
F2958,Ravix,Karnataka,Maize,2.84
F7597,Manoj,UPx,Maize,2.84
F6596,Ravi,UP,Maize,3.65
F4388,Ravi,Maharashtra,Rice,3.47
F6250,Amit,UP,Soybean,1.38
F3765,Sunil,UP,Soybean,4.9
F1382,Manoj,Punjab,Soybean,2.89
F7469,Rajesh,Haryana,Potato,1.29
F5192,Amit,Haryana,Potato,3.18
F4273,Ravi,Punjabx,Potato,4.23
F1469,Ravi,Punjab,Soybean,1.21
F2216,Amit,Karnataka,Soybean,5.44
F5305,Unknown,Unknown,Wheat,2.68
F6045,Manoj,Karnataka,Maize,2.67
F1268,Amit,Punjab,Wheat,1.14
F3099,Ravi,Unknown,Maize,4.57
F3695,Unknown,Maharashtra,Potato,3.12
F1019,Ravix,Haryana,Potato,2.82
F5399,Sunil,Punjab,Rice,4.44
F8648,Sunil,Haryana,Potato,3.53
F4998,Rajesh,Haryana,Potato,3.72
F4411,Amit,Haryana,Soybean,3.31
F1569,Unknown,Maharashtra,Soybean,1.26
F8566,Ravi,Maharashtra,Maize,4.86
F1263,Unknown,Punjab,Wheat,5.64
F7331,Rajesh,Haryana,Potato,3.63
F7163,Ravi,Unknown,Maize,1.2
F2595,Unknown,UP,Potato,4.38
F7803,Sunil,Punjab,Potato,3.41
F3455,Unknown,Haryana,Potato,3.6
F5561,Amit,Karnataka,Maize,3.12
F8916,Sunil,Unknown,Wheat,2.5
F8318,Unknown,UP,Potato,2.85
F6387,Rajesh,Maharashtra,Maize,3.65
F5984,Unknown,Unknown,Potato,1.23
F3469,Manoj,Maharashtra,Rice,1.23
F7182,Sunil,Karnataka,Rice,3.57
F6219,Sunil,Karnataka,Soybean,2.82
F8162,Rajesh,Punjab,Potato,3.59
F6172,Rajesh,Punjab,Potato,1.26
F1352,Amit,Unknown,Rice,1.19
F5084x,Amit,Maharashtra,Potatox,3.67
F2463,Rajesh,Karnataka,Soybean,3.4
F5562,Unknown,Karnataka,Potato,1.17
F3139,Manoj,Karnataka,Maize,3.45
F4357,Manoj,UP,Potato,3.85
F9642,Sunil,Karnataka,Rice,4.45
F4361,Manoj,UP,Rice,3.26
F2727,Unknown,Maharashtra,Wheat,1.21
F6110,Ravi,Punjab,Potato,3.66
F2287,Manoj,Unknown,Soybean,3.41
F5285,Ravi,Punjabx,Soybean,4.84
F8658,Unknown,Unknown,Maize,1.29
F9870,Sunil,Unknown,Soybean,4.99
F2629,Sunil,Haryana,Maize,4.32
F8413,Manoj,Unknown,Maize,3.58
F5439,Ravi,Punjab,Maize,2.75
F1427,Ravi,Maharashtra,Soybean,1.19
F3700,Manoj,Haryana,Maize,3.9
F5116,Sunil,Maharashtra,Soybean,2.72
F5404,Rajesh,Maharashtra,Potato,2.98
F3835,Unknown,Unknown,Potato,2.98
F6946,Unknown,Karnataka,Maize,3.07
F9619,Unknown,Haryana,Soybean,5.05
F8718,Manoj,Haryanax,Soybean,4.69
F9220,Sunil,Punjab,Potato,4.8
F3144,Ravi,Maharashtra,Wheat,3.52
F3335,Ravi,Punjab,Wheat,1.18
F3847,Unknown,UP,Rice,3.33
F9090,Amit,UP,Maize,3.58
F2504,Unknown,Punjab,Wheat,2.81
F8116,Amitx,Maharashtrax,Maize,2.82
F2792,Rajesh,Punjab,Maize,4.72
F2849,Manoj,UP,Potato,3.44
F8759,Amit,UP,Maize,1.2
F5568,Sunil,Karnataka,Maize,4.67
F3015,Sunil,Punjab,Rice,4.48
F9898,Ravi,Maharashtra,Wheat,4.82
F6549,Ravi,Karnataka,Potato,3.45
F2747,Unknown,Maharashtra,Rice,3.25
F6315,Manoj,Unknown,Soybean,3.46
F2526,Ravi,Unknown,Potatox,1.14
F1529,Rajesh,UP,Soybean,5.05
F9176,Unknown,UP,Soybean,3.72
F1626,Sunilx,Unknown,Potatox,4.58
F3708,Manoj,Haryana,Maizex,3.64
F7568,Sunil,Maharashtra,Wheatx,2.99
F3009,Unknown,Maharashtra,Potato,1.19
F9049,Ravi,UPx,Wheat,4.78
F7940x,Ravi,Unknown,Soybeanx,4.74
F8514,Rajesh,Maharashtra,Rice,1.21
F8388,Manoj,UP,Maize,4.8
F6613,Rajesh,UP,Rice,3.42
F6062,Ravi,Maharashtra,Wheat,3.53
F3058,Unknown,Haryanax,Wheat,2.89
F8729,Sunil,UP,Rice,2.81
F8970,Manoj,Haryana,Maize,4.96
F9307,Amit,Karnataka,Wheat,4.49
F7405,Sunil,Unknown,Rice,1.21
F4769,Manoj,Karnataka,Rice,2.75
F2608,Sunil,UP,Soybean,2.62
F6344,Unknown,Punjab,Wheat,3.63
F1823,Unknown,Maharashtra,Maizex,4.5
F7658,Manoj,Unknown,Rice,4.8
F6311,Manojx,Maharashtra,Potato,3.23
F2679x,Rajesh,Karnataka,Soybean,2.78
F6722,Sunil,Haryana,Rice,4.96
F9387,Amit,Maharashtra,Wheat,1.11
F6146x,Ravi,Karnataka,Rice,2.6
F5224,Sunil,Karnatakax,Rice,2.75
F9845,Ravi,Haryana,Rice,3.58
F3617,Sunil,UP,Soybean,3.51
F5251x,Unknown,UP,Potato,4.53
F5973,Manoj,Punjab,Soybean,1.07
F4149x,Ravi,Haryana,Soybean,1.17
F1668,Rajesh,UP,Potato,4.56
F2615,Amit,Unknown,Maize,5.32
F6909x,Ravi,Karnataka,Wheat,4.86
F1026,Manoj,UP,Wheat,4.79
F1510,Ravi,UP,Rice,5.06
F3764,Amit,Punjab,Rice,4.41
F7690,Rajesh,Punjab,Potato,5.28
F5831x,Unknown,Maharashtra,Wheat,3.59
F1395,Unknown,Unknown,Rice,1.29
F8787,Unknown,Punjab,Maize,4.16
F5285,Rajeshx,Maharashtrax,Potato,3.38
F9905,Rajesh,Punjab,Maize,3.21
F6339,Rajesh,Maharashtra,Wheat,1.21
F9476,Ravi,Punjab,Maize,3.76
F3192,Sunilx,Haryana,Soybeanx,4.55
F8084,Ravi,Karnataka,Maize,1.24
F2406,Unknown,Punjabx,Potato,3.39
F3200,Unknownx,Unknown,Rice,4.86
F5136,Rajeshx,Haryana,Soybean,3.35
F9557x,Ravi,Karnataka,Rice,4.65
F7327,Rajeshx,Maharashtra,Maize,3.04
F9359,Unknown,Unknown,Wheat,3.09
F7063,Ravi,Maharashtra,Wheat,3.28
F6825,Unknown,Haryana,Rice,3.32
F8000,Unknown,UP,Maize,3.6
F6916,Manoj,Haryana,Wheat,3.81
F1733,Manoj,Maharashtra,Soybean,4.6
F5165,Amit,Maharashtra,Maize,4.5
F8855,Amit,Haryana,Soybean,1.27
F5492,Unknown,Karnataka,Rice,3.22
F7789,Ravi,UP,Rice,3.62
F9366,Amit,Haryana,Rice,2.84
F4745,Manoj,Punjab,Soybean,3.61
F8545,Manoj,UP,Wheat,5.2
F9480,Rajesh,Haryanax,Wheat,4.35
F2541,Amit,Maharashtra,Maize,3.66
F2402,Unknown,Unknown,Soybeanx,3.66
F1232,Unknown,Punjab,Rice,3.51
F6720,Rajesh,UP,Maize,4.28
F5955,Manoj,Punjab,Wheat,3.26
F2557,Manoj,Karnataka,Soybean,4.47
F8763,Sunil,Unknown,Rice,3.8
F7307,Ravix,Punjab,Potato,3.33
F7848,Sunil,Punjab,Wheat,1.2
F4765,Ravi,Punjab,Potato,4.69
F4859x,Rajesh,Maharashtra,Soybean,1.14
F7566,Amit,Karnataka,Rice,3.73
F6988,Rajesh,Karnataka,Maize,4.7
F2593x,Amit,UP,Wheat,4.89
F1888,Manoj,UPx,Potatox,5.14
F9899,Manoj,Karnataka,Soybean,3.05
F6292,Ravi,Karnataka,Wheatx,3.48
F4361,Ravi,Haryana,Soybean,4.32
F3539x,Unknown,UP,Maize,4.83
F6181,Amit,Punjab,Wheat,1.05
F6348,Amit,Unknown,Rice,3.68
F1463x,Sunil,UP,Rice,2.78
F6119,Amit,Punjab,Rice,3.43
F8408,Amit,UP,Rice,1.21
F5959,Ravi,Maharashtra,Soybean,4.8
F8035,Rajesh,Haryana,Rice,4.92
F1834,Sunil,Haryana,Soybean,4.53
F4147,Ravi,Maharashtra,Soybean,2.77
F9017,Rajesh,Punjab,Wheat,3.69
F8143,Rajesh,Haryana,Potato,3.67
F3104,Rajesh,Punjab,Potato,2.79
F4088,Ravi,Maharashtra,Wheat,4.5
F9568,Rajesh,UP,Rice,4.46
F1707,Manoj,Punjab,Potato,5.13
F6698,Amit,Karnataka,Soybean,2.77
F4559,Ravi,Unknown,Maize,3.57
F2006,Amit,Maharashtra,Wheat,1.11
F3797,Manoj,Unknown,Maize,4.09
F2591,Sunil,Punjab,Rice,1.33
F5160,Sunil,Haryana,Rice,5.02
F5557,Rajesh,UP,Wheat,3.39
F5738,Manoj,Punjab,Rice,2.64
F8831,Ravi,Maharashtra,Soybean,3.05
F5254,Unknown,Maharashtra,Maize,4.48
F2817,Rajesh,Maharashtra,Soybean,1.19
F8895,Sunil,Karnataka,Maize,4.43
F3386,Amit,UPx,Soybean,4.47
F4154,Amit,Karnataka,Soybean,3.5
F1684,Unknown,UP,Maize,5.0
F3701,Ravi,Haryana,Wheat,1.25
F7220,Unknown,Haryana,Potato,3.68
F5995,Rajesh,UP,Soybean,1.21
F3560,Rajesh,Haryana,Potato,4.36
F4340,Manoj,Maharashtra,Soybean,3.04
F9437,Ravi,Punjab,Rice,4.66
F6077,Unknown,Maharashtra,Ricex,3.36
F1943,Unknown,Punjab,Wheat,1.18
F2415,Manoj,Unknown,Soybeanx,2.96
F9796,Manoj,Punjab,Maize,2.59
F7350,Unknown,Karnataka,Wheat,4.76
F1057,Sunil,Unknown,Rice,3.36
F7187,Rajesh,Haryana,Soybean,4.62
F5123,Amit,Punjab,Maize,1.19
F5819,Ravi,Unknown,Wheat,3.01
F2379,Amit,Maharashtra,Soybean,3.39
F8888,Unknown,Karnataka,Rice,3.4
F3698,Ravi,UP,Maize,3.39
F8393,Manoj,Haryanax,Maize,2.96
F4075,Amit,UP,Wheat,2.94
F2377,Rajesh,Maharashtra,Soybean,3.38
F2242,Rajesh,Unknown,Rice,4.76
F4945,Unknown,Punjab,Soybean,2.65
F9862,Unknown,Haryana,Rice,1.16
F6210,Ravi,Maharashtra,Potato,5.18
F7889,Unknown,UPx,Soybean,4.78
F4496,Unknown,Maharashtra,Soybean,4.71
F5257,Sunil,Punjabx,Wheat,3.7
F5588,Rajesh,Maharashtra,Rice,2.81
F7902,Ravi,Unknown,Maize,3.06
F8207,Sunil,Unknown,Potato,1.2
F3246,Unknown,Punjab,Rice,1.13
F6232,Rajesh,Maharashtra,Rice,2.95
F6462,Manoj,Haryana,Rice,4.61
F8440x,Rajesh,Unknown,Rice,4.42
F1963,Sunil,Haryana,Soybean,1.22
F8496,Rajesh,Maharashtra,Potatox,4.85
F7192,Manoj,Karnataka,Maize,3.43
F1021,Sunil,Maharashtra,Maize,4.82
F8063,Sunil,Maharashtra,Rice,2.76
F6034,Unknown,Karnataka,Wheat,3.42
F7776,Manoj,Unknown,Wheat,3.44
F3456,Rajesh,Maharashtra,Maize,2.83
F5808,Amit,Haryana,Potato,3.54
F5502,Unknown,Haryana,Rice,4.67
F1549,Manojx,Karnataka,Soybean,2.8
F9233x,Manoj,UP,Rice,1.14
F3343,Amit,Haryana,Wheat,4.84
F3069,Manoj,UP,Rice,3.75
F5978,Unknown,UP,Wheat,3.48
F9189,Ravi,Maharashtra,Potato,3.56
F7864,Unknown,Punjab,Soybean,3.61
F2857,Rajesh,Punjab,Soybean,1.22
F5398,Unknown,Punjab,Wheat,3.51
F7979,Manoj,Unknown,Soybean,2.96
F5229,Rajesh,Haryana,Soybeanx,3.59
F4358,Amit,Maharashtra,Potato,4.58
F7485,Rajesh,Karnataka,Wheat,5.24
F9038,Ravi,Unknown,Maize,2.67
F8233,Amit,Unknown,Soybean,4.21
F6466,Rajesh,Unknown,Rice,3.85
F9462,Rajesh,UP,Soybean,5.22
F4605,Manoj,Unknown,Potato,3.56
F3539,Rajesh,Haryana,Maize,4.72
F5831,Manoj,Haryana,Ricex,2.92
F8477,Ravi,UP,Rice,4.1
F8857,Rajesh,Karnataka,Potato,3.46
F5531,Amit,Maharashtra,Rice,4.49
F3358x,Sunil,Punjab,Soybean,2.86
F3048x,Manoj,Punjab,Rice,1.25
F1036,Rajesh,Haryana,Potato,4.15
F9302,Rajesh,Haryana,Wheat,3.75
F1984,Amit,Unknown,Maize,3.3
F2393,Unknown,Haryana,Wheat,3.46
F6524,Rajesh,Unknown,Rice,3.51
F3828,Amit,Punjab,Potato,1.2
F8201,Manoj,Unknownx,Rice,1.18
F9046,Sunil,Haryana,Rice,2.85
F3783,Unknown,Unknown,Rice,1.25
F5824,Amit,Punjab,Rice,3.67
F6393,Rajesh,Punjab,Wheatx,5.0
F5484,Rajesh,Karnataka,Soybeanx,3.58
F5037,Rajesh,Karnataka,Maize,4.95
F8368,Amit,UP,Potato,4.26
F8952,Sunil,Karnataka,Wheat,5.1
F2477,Ravi,UP,Wheat,4.72
F6672,Manoj,UP,Rice,4.47
F8019,Rajesh,UP,Maize,2.55
F8670,Sunil,Maharashtra,Maize,2.92
F6743,Rajesh,UP,Potato,5.29
F2091,Ravi,Punjab,Rice,4.67
F2025,Amit,Karnataka,Maize,3.29
F8396,Rajesh,Karnataka,Rice,2.56
F1186,Sunil,Haryana,Soybean,3.42
F3362,Manoj,Maharashtra,Rice,3.51
F9773,Unknown,UP,Rice,1.25
F9646,Ravi,Punjab,Soybean,1.35
F7493,Unknown,Unknown,Potato,3.78
F1767,Ravi,Haryana,Potato,1.17
F5746x,Sunil,Unknown,Potato,3.52
F8838,Manoj,UP,Potato,1.23
F8687,Unknown,Unknown,Soybean,2.72
F7469,Sunil,UPx,Rice,1.22
F9540,Amit,Punjab,Soybean,1.15
F4713,Sunil,Karnataka,Potato,3.57
F5034,Rajesh,Karnataka,Soybean,4.06
F2884,Sunil,Haryana,Soybean,4.87
F3116,Manoj,Maharashtra,Maize,5.05
F4556,Ravi,Karnataka,Rice,4.63
F3864,Ravi,Maharashtra,Potato,4.76
F2137x,Rajesh,UP,Wheat,3.55
F6709,Sunil,Unknown,Soybean,2.72
F7987,Amit,UP,Rice,2.63
F6467,Sunil,Unknown,Maize,4.94
F1604,Amit,Karnataka,Maize,4.51
F8356,Sunil,Punjab,Soybean,5.27
F8036,Manoj,Punjab,Soybean,4.64
F1170,Sunil,Haryana,Soybean,4.48
F9136,Ravi,UP,Soybean,5.21
F8123,Manoj,Unknown,Soybean,1.12
F4929,Unknown,Haryana,Rice,4.67
F6717,Manoj,Punjab,Maize,1.31
F6438,Ravi,Unknown,Maize,1.29
F8755,Sunil,Karnataka,Wheat,3.64
F8085,Rajesh,Maharashtra,Soybean,1.2
F7225,Ravi,Karnataka,Rice,2.81
F6302,Manoj,Unknown,Soybean,1.12
F9644,Sunil,UP,Maize,5.29
F6217,Ravi,Unknown,Maizex,3.94
F3075x,Sunil,Karnataka,Wheat,3.67
F3076,Manoj,Karnataka,Rice,3.48
F7031,Ravi,Maharashtrax,Wheat,2.48
F1281,Manoj,Maharashtra,Maizex,4.49
F7330,Rajesh,UPx,Potato,3.43
F5937,Sunil,Karnataka,Rice,3.37
F2049,Rajesh,Punjab,Soybean,5.08
F9936,Sunil,Haryana,Potato,3.55
F9792,Unknown,Haryana,Soybean,3.47
F6789,Rajesh,Haryana,Rice,1.17
F8308,Manoj,Haryana,Potato,4.68
F1639,Rajesh,Haryana,Potato,2.82
F7497,Sunil,Haryana,Potato,5.14
F1715x,Unknown,Karnataka,Potato,4.38
F5300,Amit,Punjab,Wheat,4.77
F9744,Unknown,Karnataka,Soybean,4.44
F4394,Unknown,Punjab,Maize,4.07
F3359,Amit,UP,Potato,2.99
F1307,Manoj,Punjab,Rice,4.77
F7418,Sunil,Karnataka,Wheat,3.69
F8234,Rajesh,Karnataka,Soybean,4.52
F1427,Manoj,Unknown,Ricex,3.45
F4564,Manoj,Haryanax,Soybean,3.24
F1376,Sunil,Maharashtra,Soybean,5.14
F3276,Sunil,Karnataka,Soybean,4.31
F3476,Unknown,Maharashtra,Soybean,4.73
F3179,Amit,Haryana,Soybean,1.22
F5243,Manoj,UP,Potato,3.16
F1642,Ravi,Unknown,Potato,3.35
F3842,Sunil,Maharashtra,Wheat,4.42
F7295,Ravi,Haryanax,Maize,3.71
F2201,Sunil,Maharashtra,Potato,1.19
F9261,Sunil,Haryana,Potato,1.19
F6595,Ravi,Punjab,Soybeanx,4.69
F4304,Rajeshx,Unknown,Maize,1.18
F9743,Sunil,Unknown,Rice,1.21
F2031,Sunil,Karnataka,Wheat,3.67
F6492,Amit,Haryana,Potato,3.34
F2239,Rajesh,Karnataka,Soybean,1.25
F7965,Amit,Maharashtra,Rice,5.23
F1930,Unknown,Haryana,Rice,2.74
F8274,Rajesh,UP,Maize,3.63
F4835,Ravi,Karnataka,Maizex,4.9
F6822,Amit,UP,Potato,3.38
F4341,Ravi,Haryana,Rice,3.72
F8957,Manoj,Karnatakax,Potato,3.58
F5927,Unknown,UP,Wheat,1.2
F2002,Ravi,Punjab,Wheat,5.02
F6005,Manoj,Unknown,Potato,1.11
F7293,Ravi,Unknown,Wheat,2.8
F6505,Amit,Punjab,Wheat,4.93
F5592,Rajesh,Maharashtra,Soybean,3.38
F6250,Rajesh,Maharashtra,Potato,2.89
F6442,Ravi,Maharashtra,Maizex,2.46
F2893,Amit,Unknown,Wheat,3.79
F4182,Amit,Punjab,Maize,2.79
F3760,Unknown,Unknown,Rice,4.1
F2383,Unknown,Karnataka,Wheat,3.77
F1507,Manoj,Unknown,Potato,4.44
F5904,Unknown,UP,Soybean,3.78
F8098,Ravi,UP,Maize,2.54
F8347,Amit,Punjab,Potato,4.9
F6654,Rajesh,Karnataka,Wheat,4.98
F2251,Ravi,Unknown,Maize,3.18
F8926,Rajesh,Haryana,Maize,4.81
F6348,Ravi,Karnataka,Wheat,3.67
F2498,Sunil,Punjab,Maize,4.17
F9539,Manoj,Punjab,Maize,4.74
F9601,Ravi,Maharashtra,Ricex,4.15
F8413,Manoj,Haryana,Rice,4.53
F3333,Unknown,Unknown,Soybean,1.16
F2381,Sunil,Maharashtra,Potato,3.62
F7468,Amit,Punjab,Soybean,1.16
F7953,Unknown,UP,Potato,3.63
F7576,Manoj,Karnataka,Wheat,4.75
F4631,Rajesh,Maharashtra,Potato,5.09
F9324x,Ravi,Punjab,Maizex,1.22
F6172,Ravi,Punjab,Wheat,5.15
F3047,Amit,Punjab,Wheat,4.44
F3670,Sunil,UP,Wheat,4.32
F9886,Amit,Karnataka,Wheat,1.15
F4225,Unknown,UP,Wheat,3.59
F9443,Rajesh,Unknown,Potato,2.81
F9573,Unknown,Maharashtra,Rice,4.58
F4962,Amit,Karnataka,Potato,1.17
F8595,Sunil,Karnataka,Soybean,4.71
F7383,Amit,Punjab,Potato,2.84
F3100,Ravi,Punjab,Soybean,1.17
F8495,Ravix,Punjab,Soybean,3.32
F3546,Amit,Punjab,Soybean,1.2
F4615,Rajesh,Haryana,Rice,4.39
F6061,Ravi,Haryana,Rice,2.89
F4934,Ravi,Unknown,Wheat,3.23
F7798,Sunil,Unknown,Maize,3.46
F4281,Amit,UP,Soybean,4.85
F6714,Ravi,Punjab,Soybean,5.26
F3624,Rajesh,Karnataka,Wheat,3.5
F8995,Unknown,Punjab,Soybean,2.79
F1742,Ravi,Punjab,Wheat,3.78
F4593,Ravi,Punjab,Wheat,5.19
F2111,Rajesh,Karnataka,Rice,2.74
F2623,Amit,Haryana,Soybean,4.36
F8061,Unknown,Karnataka,Soybean,4.65
F8616,Rajesh,UP,Maize,3.43
F1430,Amitx,UP,Wheat,4.99
F2824,Manoj,Haryana,Maize,3.58
F9070,Manoj,UP,Potatox,5.22
F3182,Unknownx,Karnataka,Rice,2.86
F8058,Unknown,UPx,Maize,5.26
F6251,Unknown,Haryana,Rice,1.32
F2957,Rajesh,Karnataka,Wheat,3.31
F5513,Ravi,Maharashtra,Rice,3.36
F9075,Sunilx,Maharashtra,Wheat,4.62
F4082x,Sunil,Maharashtra,Maize,3.66
F4008x,Amit,UP,Maize,4.71
F9049,Amit,Karnataka,Wheatx,3.55
F6741,Sunil,Maharashtra,Soybean,3.64
F4811x,Amit,Unknown,Wheat,3.66
F8827,Unknown,Unknown,Rice,4.76
F4434,Sunil,UP,Rice,4.3
F5064,Amit,Unknown,Soybean,4.65
F5867,Rajesh,Haryana,Maize,3.6
F8320,Ravi,Unknown,Soybean,3.32
F3462,Ravi,Haryana,Potato,2.82
F3612,Amit,Haryana,Potato,2.77
F3324,Ravi,UP,Rice,3.58
F3218,Unknown,Unknown,Soybeanx,5.33
F5504,Manoj,UP,Rice,3.39
F8866,Sunil,Haryana,Soybean,3.44
F4716,Unknown,Maharashtra,Maize,4.25
F5960,Rajesh,Haryana,Rice,3.72
F9628x,Manoj,Unknown,Potatox,3.44
F8574,Rajesh,Punjabx,Wheatx,3.96
F1566,Sunil,Haryana,Wheat,3.0
F2527,Unknown,Unknown,Rice,2.82
F8216,Rajesh,Maharashtra,Wheat,4.48
F4972,Amit,UP,Soybean,1.19
F5284x,Manoj,Maharashtra,Soybean,1.04
F5241,Amitx,Unknown,Wheat,3.48
F7304,Unknown,Haryana,Wheat,2.79
F3142,Rajesh,Karnataka,Rice,4.67
F4021x,Amit,Haryana,Soybean,3.38
F2480,Amit,Haryana,Wheat,5.19
F8895,Sunil,Unknown,Wheat,1.26
F1167,Unknown,UP,Maize,1.19
F7376,Unknown,UP,Wheat,3.15
F2633,Unknown,Haryana,Maizex,3.37
F5873,Manoj,Unknownx,Soybean,4.36
F6134,Manoj,Punjab,Maize,1.25
F6533,Unknown,Karnataka,Rice,3.71
F7360,Unknown,Karnataka,Wheat,3.42
F5141,Manoj,Karnataka,Wheat,3.58
F3114,Sunil,Karnataka,Soybean,2.77
F1477,Ravi,Maharashtra,Rice,4.43
F9333,Ravi,Unknown,Rice,4.38
F3750x,Unknown,Unknown,Potato,5.56
F2584,Amit,UPx,Rice,3.57
F9055x,Sunil,Haryana,Wheat,3.96
F8199x,Unknown,Haryana,Potato,4.77
F8019,Unknown,Punjab,Maizex,1.17
F5391,Sunil,Maharashtra,Wheat,3.63
F2719,Rajesh,Punjab,Rice,2.7
F3831,Manoj,Haryana,Soybean,2.6
F5298,Manoj,UP,Rice,1.21
F9566,Unknown,Haryana,Wheat,2.8
F4400,Manoj,Unknown,Potato,1.23
F5027,Ravi,Karnataka,Potato,3.35
F3699,Ravix,Karnataka,Soybean,5.09
F4851,Sunil,Haryanax,Potato,2.8
F2407,Manoj,Maharashtra,Soybean,3.52
F4313,Ravi,Unknown,Wheatx,2.95
F3024x,Ravi,Haryana,Wheat,5.14
F6619,Amit,Karnataka,Potato,4.32
F1196,Rajesh,Punjab,Soybean,4.23
F2721,Unknown,Unknown,Soybean,5.09
F1898,Sunil,UP,Maize,1.22
F6598,Sunil,UP,Soybean,4.22
F7592,Amit,Karnataka,Soybean,2.97
F7480,Amit,Punjab,Maize,1.27
F6601,Rajesh,Punjab,Potato,3.79
F5770,Unknown,Karnataka,Soybean,5.13
F4000,Rajesh,Haryana,Rice,3.51
F1938,Sunil,Haryana,Potato,1.24
F6879,Unknown,Haryana,Soybean,4.96
F9109,Sunil,Maharashtra,Rice,1.22
F4360,Sunil,Punjab,Maize,4.25
F4217,Sunil,Punjab,Maize,4.25
F2707,Ravi,Unknown,Maize,4.62
F6515,Unknown,Maharashtra,Soybean,3.35
F4167,Ravi,Karnataka,Potato,3.0
F7316,Sunil,Unknownx,Soybean,3.51
F1256,Manoj,Haryana,Potato,2.77
F3014,Rajesh,Haryana,Potato,3.02
F3100,Unknown,Karnataka,Potato,3.14
F9465,Rajesh,UP,Potato,4.41
F8576,Manoj,Karnataka,Potato,3.03
F2637,Manoj,Punjab,Soybean,1.25
F9421,Unknown,Karnataka,Soybean,2.65
F8350,Sunil,Karnatakax,Potatox,2.71
F4600,Ravi,Unknown,Maize,4.6
F9587,Rajeshx,Unknown,Wheat,1.14
F8568,Sunilx,Unknown,Rice,2.97
F1386,Ravi,Unknown,Wheat,4.89
F5060,Sunil,Unknown,Rice,4.32
F8412,Manojx,Unknown,Potato,3.31
F6249,Ravi,Punjab,Rice,3.58
F7820,Manoj,Unknown,Maize,5.12
F3079,Unknown,Unknown,Maize,1.09
F5281,Manoj,Haryana,Rice,4.47
F4980,Sunil,Haryana,Wheat,1.14
F8110,Amit,Haryana,Soybean,4.4
F4076,Sunil,Maharashtra,Soybean,4.46
F7636,Sunil,Haryana,Rice,5.02
F7209x,Ravi,Haryana,Maize,3.33
F5842,Rajesh,Punjab,Rice,3.74
F4498,Sunil,Maharashtra,Maize,1.17
F2684,Ravi,Haryana,Potato,3.35
F6451,Ravix,Unknown,Maize,4.41
F7671,Ravi,Unknownx,Rice,5.36
F8841,Unknown,Maharashtra,Rice,3.56
F5161,Rajesh,Maharashtra,Maize,4.33
F5140,Manoj,UP,Wheat,3.68
F9741,Rajesh,Maharashtra,Wheat,1.16
F5074,Manojx,Punjabx,Potato,2.71
F3757,Ravi,UP,Soybean,4.58
F9006,Amitx,Haryana,Soybean,3.31
F4044,Ravi,Haryana,Maize,3.43
F6701,Unknown,Punjab,Potato,4.77
F1222,Unknown,Punjab,Ricex,2.85
F7447,Manoj,UP,Wheat,4.74
F7041,Sunil,Haryana,Wheat,4.57
F5051,Manoj,Punjab,Rice,3.65
F3706,Sunil,Karnataka,Potato,1.21
F1166,Manoj,Haryana,Wheat,4.41
F4040,Rajesh,Karnataka,Wheatx,3.7
F4859,Unknown,Karnataka,Maize,2.96
F5949,Unknownx,Karnataka,Wheat,1.26
F6469,Amit,Punjab,Soybean,4.87
F7393,Rajesh,Unknown,Maize,2.98
F6758,Sunil,Haryana,Potato,4.35
F8668,Unknown,Unknown,Maize,2.79
F4355,Ravi,Maharashtra,Maize,1.22
F2032,Amit,UP,Wheat,1.12
F5348,Ravi,Haryana,Potato,3.36
F4127,Manoj,UP,Potato,3.74
F3753,Unknown,Maharashtra,Wheat,3.15
F7726,Sunil,UP,Wheat,4.66
F7137,Sunil,Haryana,Rice,1.22
F2559,Rajesh,Unknown,Maize,3.53
F3192,Amit,Maharashtra,Soybean,3.22
F2784,Rajesh,UP,Wheat,3.68
F7834,Manoj,Karnataka,Soybean,3.19
F3395,Ravi,Haryana,Maizex,2.64
F1560,Rajesh,Haryana,Soybean,4.53
F8522,Unknown,Maharashtra,Wheat,2.52
F7970,Manoj,Punjab,Soybean,4.59
F9679,Sunil,Karnataka,Maize,1.23
F7699x,Rajesh,Maharashtra,Maize,3.38
F1015,Unknown,Unknown,Potato,1.22
F8688,Unknown,Maharashtra,Rice,3.36
F5127,Ravi,Maharashtra,Wheat,1.16
F4975x,Unknown,Maharashtra,Potato,3.63
F5328,Ravi,Haryana,Soybean,2.96
F4653,Unknown,Unknown,Potato,4.19
F9960,Amit,UP,Wheat,2.77
F2131,Unknown,Punjab,Potato,3.05
F9338,Unknown,Unknown,Soybean,4.88
F5807,Unknown,Maharashtra,Potato,4.97
F6100,Manoj,UP,Maize,2.86
F1786,Ravi,Haryana,Maize,3.28
F2682,Ravi,UP,Soybean,3.69
F5040,Manoj,Haryana,Soybean,2.78
F7323,Sunil,Karnataka,Rice,4.74
F6189,Unknown,Punjab,Potato,4.68
F4258,Unknown,Unknown,Maize,1.18
F3576,Ravi,UP,Maize,2.91
F8526,Sunil,Maharashtra,Maize,2.56
F8368,Amit,Maharashtra,Soybeanx,4.29
F7766,Unknown,Unknown,Potato,2.81
F4046,Manoj,Unknown,Potato,3.45
F4409,Manoj,Punjab,Soybean,5.12
F6011,Manojx,Karnataka,Potato,3.27
F7055,Unknown,Punjab,Rice,5.07
F1927x,Sunil,Maharashtra,Rice,1.16
F8669,Rajesh,Maharashtra,Maize,5.11
F6594,Manoj,Haryana,Rice,3.24
F8327,Unknown,Karnataka,Rice,3.56
F4459,Ravi,Unknown,Potato,1.19
F6617,Ravix,Haryana,Wheat,4.19
F5030,Unknown,Haryana,Maize,3.64
F8863,Ravi,UP,Soybean,3.91
F1684,Manoj,Maharashtra,Maize,3.66
F9915,Amitx,Maharashtra,Maize,2.74
F9732,Amit,Punjabx,Potato,1.16
F4467,Amit,Haryana,Maize,2.65
F2897,Sunil,Unknown,Soybeanx,4.6
F4289,Ravi,Maharashtra,Wheat,1.12
F3687,Amit,Haryana,Potato,3.46
F2280,Amit,Maharashtra,Rice,2.59
F8518,Rajesh,Maharashtra,Wheat,1.18
F7065,Amit,Maharashtra,Potato,3.57
F9133,Unknown,Punjab,Maize,2.81
F7988,Manoj,Unknown,Soybean,2.8
F2555,Manoj,Punjab,Rice,3.37
F3616,Ravi,Punjab,Wheat,5.26
F7412,Manoj,Karnataka,Soybean,1.15
F5614,Unknown,UP,Potato,5.29
F6461,Unknown,UP,Rice,4.98
F7201,Amit,UP,Wheat,3.35
F8634,Unknown,Haryana,Maize,4.74
F1046,Sunil,Haryanax,Maize,3.67
F2095x,Manoj,Maharashtra,Potato,3.4
F5936,Manoj,Maharashtra,Rice,1.25
F6060,Manoj,Karnataka,Potato,2.7
F3526,Sunil,Maharashtra,Rice,4.6
F7394,Amit,Punjab,Potato,2.91
F6700,Rajesh,Karnataka,Potato,3.73
F4978,Ravi,Punjab,Wheat,1.14
F9974,Sunil,Punjab,Maize,3.48
F9270,Sunil,Maharashtra,Wheat,5.23
F1202,Amit,Haryana,Rice,4.81
F5112,Ravi,Maharashtra,Potato,2.75
F3709,Unknownx,Punjab,Maize,2.84
F8443x,Rajesh,Karnataka,Potato,3.43
F3451,Unknown,Haryana,Rice,2.73
F5369,Rajesh,UP,Potato,2.71
F6465,Manoj,Haryana,Wheat,4.7
F1612,Amit,Karnataka,Rice,4.71
F4560,Manoj,Maharashtra,Wheat,4.8
F2772,Ravi,Punjab,Potato,5.14
F7585,Manoj,Haryana,Potato,1.2
F8187,Rajesh,Karnataka,Maize,4.89
F1885,Amit,Punjab,Soybean,1.2
F9107,Unknownx,Maharashtra,Potato,4.89
F9375,Sunil,Karnataka,Rice,3.73
F7082,Amit,Unknown,Potato,3.82
F6598,Manoj,UP,Soybean,4.54
F1224,Ravi,Unknown,Maize,4.51
F6924,Ravi,UP,Rice,2.78
F1308,Sunil,Maharashtra,Rice,3.6
F8364,Unknown,Haryana,Maize,1.15
F1503,Sunil,Karnataka,Soybean,4.86
F1056,Amit,Maharashtra,Soybean,1.26
F3850,Rajesh,UP,Soybean,3.38
F8346,Manoj,Karnataka,Potato,3.27
F1682,Manoj,Karnataka,Potato,3.42
F6703,Rajesh,Haryana,Wheat,5.14
F5958,Manoj,Maharashtra,Soybean,5.13
F4667,Amit,Haryana,Maize,5.33
F4455,Unknown,Haryana,Maize,3.3
F9613,Ravi,Punjab,Maizex,2.89
F4473,Unknown,UP,Soybean,3.46
F8383,Amit,UP,Rice,1.22
F8336,Unknownx,Maharashtra,Wheat,3.45
F8650,Sunil,UP,Maize,3.36
F8678,Unknown,Punjab,Maize,4.38
F4041,Amit,UP,Wheat,4.54
F1548,Ravi,UP,Rice,4.7
F1722,Amit,Punjab,Wheat,1.14
F7580x,Ravi,Haryana,Maize,4.95
F6857x,Sunil,Maharashtra,Potato,1.18
F8172,Amit,Maharashtra,Maize,3.49
F7797,Unknown,UPx,Potato,4.57
F9839,Ravi,Punjab,Rice,3.47
F2731,Manoj,Karnataka,Wheat,3.67
F4739,Sunil,UP,Wheat,3.05
F7209,Sunil,Haryana,Maize,4.62
F5258,Manoj,Karnataka,Soybean,4.44
F2497,Unknown,UP,Rice,3.41
F6630,Unknown,Punjab,Maize,3.62
F4546,Rajesh,Punjab,Maize,5.14
F1120,Amit,Haryana,Wheat,2.49
F9931,Manoj,Haryana,Potato,4.83
F6747,Rajesh,Unknownx,Maize,3.53
F2121,Unknown,UP,Rice,4.21
F8541,Rajesh,UP,Soybean,3.64
F9684,Manoj,Punjab,Potato,1.27
F5640,Rajesh,Karnataka,Maize,4.78
F2794,Manoj,Karnataka,Potato,3.67
F3117,Ravi,UP,Wheat,2.84
F1941,Ravi,Haryana,Potato,3.55
F3258,Ravi,Maharashtra,Maize,5.28
F4523,Rajesh,UP,Rice,3.6
F9831,Unknown,Punjabx,Wheat,3.44
F3533,Ravi,Maharashtra,Soybeanx,2.71
F3024,Ravi,Unknown,Maize,2.93
F4844,Unknown,Maharashtra,Rice,3.29
F7725,Ravi,Haryana,Wheat,3.45
F8401,Sunil,Punjab,Rice,3.01
F1801,Sunil,Unknown,Rice,3.59
F3175,Rajesh,Unknown,Wheat,3.17
F5337,Amitx,UP,Wheat,5.08
F5271,Sunil,Karnatakax,Maize,3.61
F1825,Amit,Maharashtra,Potato,4.87
F6854,Unknown,Maharashtra,Wheat,3.48
F8671,Manoj,Karnataka,Rice,3.26
F8748,Unknown,Haryana,Maize,3.44
F1627,Rajesh,Haryana,Wheat,2.72
F9079,Amit,Haryana,Maizex,3.11
F8006,Unknown,UP,Potato,4.86
F1590,Manoj,Punjab,Wheat,1.24
F8178,Rajesh,Karnataka,Rice,2.87
F5020,Sunil,Unknown,Potato,5.25
F3385,Unknown,Haryana,Rice,5.06
F5321,Manoj,Karnataka,Wheat,4.8
F6735,Amit,Haryana,Wheatx,3.0
F2610,Unknown,Maharashtra,Potato,4.86
F1886,Sunil,Haryana,Rice,4.6
F3226,Sunil,Maharashtra,Rice,3.46
F5567x,Ravi,Haryana,Maize,3.65
F3885,Rajesh,Karnataka,Wheat,3.5
F4872,Amit,Punjab,Soybean,3.45
F7161,Manoj,Punjab,Rice,1.18
F8033,Unknown,Unknown,Potato,1.22
F6987,Ravi,Karnataka,Rice,3.35
F2953,Sunil,Punjab,Maize,3.52
F9701,Amit,Unknown,Soybean,1.15
F7033,Manoj,Maharashtra,Potato,3.05
F3958x,Sunil,Punjab,Soybean,1.25
F6225,Unknown,UP,Maize,1.12
F4605,Ravi,Karnataka,Soybean,3.98
F5977,Unknown,Punjab,Rice,3.59
F9547,Amit,Karnataka,Soybeanx,3.55
F1946,Rajesh,Punjab,Soybean,1.09
F8219,Rajesh,Maharashtra,Wheat,4.85
F2705,Sunil,Haryana,Maize,2.84
F4504,Unknown,Punjab,Wheat,3.66
F9602,Rajesh,UP,Soybean,4.75
F7290,Amit,Haryana,Wheat,3.48
F9859,Ravi,Karnataka,Maize,5.04
F1370,Amit,Unknown,Potato,1.13
F6852,Rajesh,Unknown,Potato,3.45
F3441,Unknown,Punjab,Rice,1.17
F5044,Rajesh,Unknown,Potato,3.52
F2273,Manoj,Karnataka,Soybean,5.15
F7108x,Sunil,Punjab,Soybean,1.13
F8346,Ravi,Haryana,Rice,2.89
F8441,Unknown,Karnataka,Soybean,4.9
F8720,Amit,Maharashtra,Wheat,4.4
F7706,Manojx,UP,Maize,1.21
F6951,Unknown,Maharashtra,Soybean,3.64
F5387,Sunil,UP,Soybean,3.44
F1020,Rajesh,Haryana,Maize,3.57
F7513,Sunil,Maharashtra,Potato,1.2
F8467,Amit,Haryana,Wheat,1.33
F8483,Manoj,UP,Wheat,3.35
F3821x,Amit,Unknown,Maize,1.16
F5567,Ravi,Punjab,Potato,1.12
F2053x,Unknown,Karnataka,Maize,4.73
F9506,Rajesh,Haryana,Wheat,3.5
F2862,Rajesh,Punjab,Maize,4.9
F4529,Manoj,Punjabx,Wheatx,5.08
F4130,Manoj,Punjab,Potato,1.27
F9740,Sunil,Unknown,Soybeanx,4.68
F8273,Ravi,Maharashtra,Maize,3.39
F5674,Amit,Unknown,Maize,5.48
F7817,Ravi,Maharashtra,Rice,2.8
F6596,Unknown,Maharashtra,Rice,4.84
F3208,Amit,Unknown,Rice,2.74
F6139,Rajesh,UP,Wheat,1.15
F9068,Unknown,Unknown,Wheat,1.18
F8202,Rajesh,Unknown,Potatox,1.22
F5877,Ravi,Haryana,Soybean,3.04
F1998,Ravix,Unknown,Potato,5.13
F8075,Sunilx,Maharashtra,Soybean,2.72
F2692,Unknown,Unknown,Soybean,3.42
F4157,Sunil,Haryana,Maize,4.94
F7165,Rajesh,Haryana,Rice,2.86
F8797,Sunil,UP,Wheat,5.19
F6668,Amit,Karnataka,Rice,2.85
F3878,Ravi,Haryana,Soybean,2.76
F4250,Amit,Unknown,Wheat,3.67
F4666,Rajesh,Haryanax,Wheat,1.23
F4004,Manoj,UP,Soybean,4.82
F4070,Unknown,Punjab,Rice,2.61
F6293,Sunil,UP,Rice,3.06
F3283,Sunil,Unknownx,Soybean,3.69
F9993,Sunilx,Karnataka,Maize,1.15
F4488,Rajesh,UP,Maize,2.75
F2312,Ravi,Unknownx,Wheat,1.24
F7837,Unknown,UP,Rice,4.49
F7643x,Unknown,Unknown,Maize,4.68
F7633,Ravi,Haryana,Maize,4.88
F1629,Sunil,Haryana,Potato,1.25
F9693,Rajesh,UP,Maize,1.12
F4895,Manoj,Karnataka,Wheatx,3.28
F2731,Amit,Punjab,Wheat,4.73
F7434,Amitx,Maharashtra,Potato,4.91
F4389,Manoj,Unknown,Potato,3.17
F5376,Rajesh,Haryana,Potato,3.61
F7323,Amitx,Karnataka,Potato,1.28
F9749x,Manoj,Karnataka,Potato,3.48
F7293,Sunil,Karnataka,Rice,4.81
F6951,Rajesh,Unknown,Soybean,1.13
F5375,Ravi,UP,Rice,4.35
F9027,Rajesh,Maharashtra,Rice,4.79
F7431,Amit,Karnataka,Potato,5.25
F5804,Ravi,Maharashtra,Rice,4.63
F3222,Rajesh,Haryana,Maize,3.58
F5460,Ravi,Punjab,Potato,3.45
F2610,Rajesh,Karnataka,Maize,3.09
F1698,Unknown,Haryana,Wheat,5.06
F6933,Unknown,Punjab,Maize,3.43
F3701,Sunil,Unknown,Rice,2.69
F4087,Rajesh,Maharashtra,Wheat,2.75
F1741,Ravi,Haryana,Rice,4.9
F2948,Amit,Unknown,Wheat,3.03
F8850x,Manoj,Haryana,Rice,3.42
F3914,Manoj,Haryana,Potato,4.9
F4341,Sunil,Punjab,Potato,4.4
F1862,Amit,Karnataka,Wheat,3.16
F5959,Manoj,Punjab,Potato,2.91
F5295x,Sunil,Unknown,Wheat,4.83
F5728,Rajesh,UP,Wheat,4.85
F8475,Amit,Unknown,Wheat,1.17
F3858,Manoj,Karnataka,Wheat,3.36
F1531,Unknown,Karnataka,Rice,5.4
F7159x,Ravi,Maharashtra,Wheat,1.23
F4317,Ravi,Karnataka,Rice,3.48
F4752,Manoj,Karnataka,Maize,1.2
F1535,Amit,Punjab,Maize,3.6
F5081,Amit,Haryana,Wheat,4.75
F4038,Amit,Maharashtrax,Potato,3.84
F1483,Ravix,Karnataka,Maize,5.43
F8233,Unknown,Maharashtra,Potato,4.85
F2958,Ravi,Karnataka,Maize,2.9
F7597,Manoj,UP,Maize,2.87
F6596,Ravi,UP,Maize,3.49
F4388,Ravi,Maharashtra,Rice,3.51
F6250,Amit,UP,Soybean,1.14
F3765,Sunil,UP,Soybean,5.09
F1382,Manoj,Punjab,Soybean,3.07
F7469,Rajesh,Haryana,Potato,1.24
F5192,Amit,Haryana,Potato,3.28
F4273,Ravi,Punjab,Potato,4.39
F1469,Ravi,Punjab,Soybean,1.23
F2216,Amit,Karnataka,Soybean,4.69
F5305,Unknown,Unknown,Wheat,2.75
F6045,Manoj,Karnataka,Maize,2.71
F1268,Amit,Punjabx,Wheat,1.12
F3099,Ravi,Unknown,Maize,4.39
F3695,Unknown,Maharashtra,Potato,3.48
F1019,Ravi,Haryana,Potato,2.73
F5399,Sunil,Punjab,Rice,4.36
F8648,Sunil,Haryana,Potato,3.31
F4998,Rajesh,Haryana,Potato,3.53
F4411,Amit,Haryana,Soybean,3.44
F1569,Unknown,Maharashtra,Soybean,1.3
F8566,Ravi,Maharashtra,Maize,5.67
F1263,Unknown,Punjab,Wheat,5.11
F7331,Rajesh,Haryana,Potato,3.82
F7163,Ravix,Unknown,Maize,1.22
F2595,Unknown,UP,Potato,4.27
F7803,Sunil,Punjab,Potato,3.66
F3455,Unknown,Haryana,Potato,3.53
F5561,Amit,Karnataka,Maize,3.3
F8916,Sunil,Unknown,Wheat,2.73
F8318,Unknown,UP,Potato,2.67
F6387,Rajesh,Maharashtra,Maize,3.74
F5984,Unknown,Unknown,Potato,1.2
F3469,Manoj,Maharashtra,Rice,1.15
F7182,Sunil,Karnataka,Rice,3.53
F6219,Sunil,Karnataka,Soybeanx,3.04
F8162,Rajesh,Punjab,Potato,3.68
F6172,Rajesh,Punjab,Potato,1.3
F1352,Amitx,Unknownx,Rice,1.22
F5084,Amit,Maharashtra,Potato,3.43
F2463,Rajesh,Karnataka,Soybean,3.59
F5562,Unknown,Karnataka,Potato,1.1
F3139,Manoj,Karnatakax,Maize,3.33
F4357,Manoj,UP,Potato,3.35
F9642,Sunil,Karnataka,Rice,4.71
F4361,Manoj,UP,Rice,3.43
F2727,Unknown,Maharashtra,Wheat,1.2
F6110,Ravix,Punjab,Potato,3.91
F2287,Manoj,Unknown,Soybean,3.55
F5285,Ravi,Punjab,Soybean,5.37
F8658,Unknown,Unknown,Maize,1.27
F9870x,Sunil,Unknown,Soybean,5.6
F2629,Sunil,Haryana,Maize,4.53
F8413,Manoj,Unknown,Maize,3.22
F5439,Ravi,Punjab,Maize,2.42
F1427,Ravi,Maharashtra,Soybean,1.17
F3700,Manoj,Haryana,Maize,3.49
F5116,Sunil,Maharashtra,Soybean,2.85
F5404,Rajesh,Maharashtra,Potato,2.5
F3835,Unknown,Unknown,Potato,2.63
F6946,Unknown,Karnataka,Maize,3.57
F9619,Unknown,Haryana,Soybean,5.51
F8718,Manoj,Haryana,Soybean,3.63
F9220,Sunil,Punjab,Potato,4.83
F3144,Ravi,Maharashtra,Wheat,3.51
F3335,Ravi,Punjab,Wheat,1.23
F3847,Unknown,UP,Rice,3.74
F9090,Amit,UP,Maize,3.44
F2504,Unknown,Punjab,Wheat,2.68
F8116,Amit,Maharashtra,Maize,2.68
F2792,Rajesh,Punjab,Maize,4.39
F2849,Manoj,UP,Potato,3.35
F8759,Amit,UP,Maize,1.33
F5568,Sunil,Karnataka,Maize,4.45
F3015,Sunilx,Punjab,Rice,5.0
F9898,Ravi,Maharashtra,Wheat,4.46
F6549,Ravi,Karnataka,Potato,3.34
F2747,Unknown,Maharashtra,Rice,3.28
F6315,Manoj,Unknown,Soybean,4.09
F2526,Ravi,Unknown,Potato,1.38
F1529,Rajesh,UP,Soybean,4.79
F9176,Unknown,UP,Soybean,3.44
F1626,Sunil,Unknown,Potato,4.75
F3708,Manoj,Haryana,Maize,3.36
F7568,Sunil,Maharashtra,Wheat,2.94
F3009,Unknown,Maharashtra,Potato,1.21
F9049,Ravi,UP,Wheat,4.74
F7940,Ravix,Unknown,Soybean,5.14
F8514,Rajeshx,Maharashtra,Rice,1.15
F8388,Manoj,UP,Maize,5.02
F6613,Rajesh,UP,Rice,3.51
F6062,Ravi,Maharashtra,Wheat,3.82
F3058,Unknown,Haryana,Wheat,2.68
F8729,Sunil,UP,Rice,2.75
F8970,Manoj,Haryana,Maize,5.13
F9307,Amit,Karnataka,Wheat,4.08
F7405,Sunil,Unknown,Rice,1.1
F4769,Manoj,Karnataka,Rice,2.81
F2608,Sunil,UP,Soybean,2.67
F6344,Unknown,Punjab,Wheat,3.5
F1823,Unknown,Maharashtra,Maize,4.42
F7658,Manojx,Unknown,Rice,4.73
F6311,Manoj,Maharashtra,Potatox,3.48
F2679,Rajesh,Karnataka,Soybeanx,2.86
F6722,Sunil,Haryana,Rice,4.68
F9387,Amit,Maharashtra,Wheat,1.11
F6146,Ravi,Karnataka,Rice,2.71
F5224,Sunil,Karnataka,Ricex,2.79
F9845,Ravi,Haryana,Rice,3.39
F3617,Sunil,UP,Soybeanx,3.39
F5251,Unknown,UP,Potato,4.57
F5973,Manoj,Punjab,Soybean,1.14
F4149,Ravi,Haryana,Soybean,1.16
F1668,Rajesh,UP,Potato,4.64
F2615,Amitx,Unknown,Maize,5.51
F6909,Ravi,Karnataka,Wheat,5.23
F1026,Manoj,UP,Wheat,4.41
F1510,Ravi,UP,Rice,5.05
F3764,Amit,Punjab,Rice,4.34
F7690,Rajesh,Punjabx,Potato,4.91
F5831x,Unknown,Maharashtra,Wheat,3.66
F1395,Unknown,Unknown,Rice,1.22
F8787,Unknown,Punjab,Maize,3.55
F5285,Rajesh,Maharashtra,Potato,3.33
F9905,Rajesh,Punjab,Maize,3.56
F6339,Rajesh,Maharashtra,Wheat,1.2
F9476,Ravi,Punjab,Maize,3.59
F3192,Sunil,Haryana,Soybean,4.65
F8084,Ravi,Karnataka,Maize,1.21
F2406,Unknown,Punjab,Potato,3.5
F3200,Unknownx,Unknown,Rice,4.97
F5136,Rajeshx,Haryana,Soybean,3.38
F9557,Ravi,Karnataka,Rice,4.63
F7327,Rajesh,Maharashtra,Maize,2.88
F9359,Unknown,Unknown,Wheat,2.9
F7063,Ravi,Maharashtra,Wheat,3.41
F6825,Unknown,Haryana,Rice,3.37
F8000,Unknown,UP,Maize,3.92
F6916,Manoj,Haryana,Wheat,3.69
F1733,Manoj,Maharashtra,Soybean,4.17
F5165,Amit,Maharashtra,Maize,4.7
F8855,Amit,Haryana,Soybean,1.16
F5492,Unknown,Karnataka,Rice,3.46
F7789,Ravi,UP,Rice,3.65
F9366,Amitx,Haryana,Rice,2.79
F4745,Manoj,Punjab,Soybean,3.68
F8545,Manoj,UP,Wheat,4.81
F9480,Rajesh,Haryanax,Wheat,4.78
F2541,Amit,Maharashtra,Maize,3.6
F2402,Unknown,Unknown,Soybean,3.41
F1232,Unknown,Punjab,Rice,3.59
F6720,Rajesh,UP,Maize,4.46
F5955,Manoj,Punjab,Wheatx,3.53
F2557,Manojx,Karnataka,Soybean,4.9
F8763,Sunil,Unknown,Rice,3.51
F7307,Ravi,Punjab,Potato,3.09
F7848,Sunil,Punjab,Wheat,1.14
F4765,Ravi,Punjab,Potatox,4.4
F4859,Rajesh,Maharashtra,Soybean,1.2
F7566,Amit,Karnataka,Rice,3.74
F6988,Rajesh,Karnataka,Maize,4.55
F2593,Amit,UP,Wheat,5.11
F1888,Manoj,UP,Potato,5.09
F9899,Manoj,Karnataka,Soybean,2.51
F6292,Ravi,Karnataka,Wheat,3.26
F4361,Ravi,Haryana,Soybean,4.6
F3539,Unknown,UP,Maize,4.66
F6181,Amit,Punjab,Wheat,1.16
F6348,Amit,Unknown,Rice,3.39
F1463,Sunil,UP,Rice,2.91
F6119,Amit,Punjab,Rice,3.24
F8408,Amit,UP,Rice,1.12
F5959,Ravi,Maharashtra,Soybean,4.76
F8035,Rajesh,Haryana,Rice,4.65
F1834,Sunil,Haryana,Soybean,4.35
F4147,Ravi,Maharashtra,Soybean,2.94
F9017,Rajesh,Punjab,Wheat,3.38
F8143,Rajesh,Haryana,Potato,3.45
F3104,Rajesh,Punjab,Potato,2.67
F4088,Ravi,Maharashtra,Wheat,4.74
F9568,Rajeshx,UP,Rice,4.42
F1707,Manoj,Punjab,Potato,4.91
F6698,Amit,Karnataka,Soybean,2.7
F4559,Ravix,Unknown,Maize,3.33
F2006,Amit,Maharashtra,Wheat,1.24
F3797,Manoj,Unknown,Maize,4.99
F2591,Sunil,Punjab,Rice,1.09
F5160,Sunil,Haryana,Ricex,5.39
F5557,Rajesh,UP,Wheat,3.5
F5738,Manoj,Punjab,Rice,2.98
F8831,Ravi,Maharashtra,Soybean,2.77
F5254,Unknownx,Maharashtra,Maize,4.71
F2817,Rajesh,Maharashtra,Soybean,1.19
F8895,Sunil,Karnataka,Maize,4.74
F3386,Amit,UP,Soybean,4.56
F4154,Amit,Karnataka,Soybean,3.52
F1684,Unknown,UP,Maize,4.68
F3701,Ravi,Haryana,Wheat,1.23
F7220,Unknown,Haryana,Potato,3.49
F5995,Rajesh,UP,Soybean,1.22
F3560,Rajesh,Haryana,Potato,4.83
F4340,Manoj,Maharashtra,Soybean,2.9
F9437,Ravi,Punjab,Rice,4.33
F6077,Unknown,Maharashtra,Rice,3.29
F1943,Unknown,Punjab,Wheat,1.18
F2415,Manoj,Unknown,Soybean,2.89
F9796,Manoj,Punjab,Maize,2.86
F7350,Unknown,Karnataka,Wheat,4.7
F1057,Sunil,Unknown,Rice,3.45
F7187x,Rajesh,Haryana,Soybean,5.03
F5123,Amit,Punjab,Maize,1.25
F5819,Ravi,Unknown,Wheat,2.67
F2379,Amit,Maharashtra,Soybean,3.3
F8888,Unknown,Karnataka,Rice,3.51
F3698,Ravi,UP,Maize,3.5
F8393,Manoj,Haryana,Maize,2.73
F4075,Amit,UP,Wheat,2.81
F2377,Rajesh,Maharashtra,Soybean,3.45
F2242,Rajesh,Unknown,Rice,4.88
F4945,Unknown,Punjab,Soybean,2.84
F9862,Unknown,Haryana,Ricex,1.33
F6210,Ravi,Maharashtra,Potato,5.09
F7889,Unknown,UP,Soybean,5.3
F4496,Unknown,Maharashtra,Soybean,5.13
F5257,Sunilx,Punjab,Wheat,3.32
F5588,Rajeshx,Maharashtra,Rice,2.8
F7902,Ravi,Unknown,Maize,2.92
F8207,Sunil,Unknown,Potato,1.19
F3246,Unknown,Punjab,Rice,1.2
F6232,Rajeshx,Maharashtra,Rice,2.92
F6462,Manoj,Haryana,Rice,4.8
F8440,Rajesh,Unknown,Rice,4.6
F1963,Sunil,Haryana,Soybean,1.21
F8496,Rajesh,Maharashtra,Potatox,5.44
F7192,Manoj,Karnataka,Maize,3.95
F1021,Sunil,Maharashtra,Maize,4.56
F8063,Sunil,Maharashtra,Rice,3.04
F6034,Unknown,Karnataka,Wheat,3.21
F7776,Manoj,Unknown,Wheat,3.74
F3456,Rajesh,Maharashtra,Maize,2.9
F5808x,Amit,Haryana,Potato,3.45
F5502,Unknown,Haryana,Rice,4.68
F1549,Manoj,Karnataka,Soybean,2.59
F9233,Manoj,UP,Rice,1.22
F3343,Amit,Haryana,Wheat,5.28
F3069,Manoj,UP,Rice,3.78
F5978,Unknown,UP,Wheat,3.47
F9189,Ravi,Maharashtra,Potato,3.64
F7864,Unknown,Punjab,Soybean,3.62
F2857,Rajesh,Punjab,Soybean,1.22
F5398,Unknown,Punjab,Wheat,3.6
F7979,Manoj,Unknown,Soybean,2.8
F5229,Rajesh,Haryana,Soybean,3.74
F4358,Amit,Maharashtra,Potato,4.3
F7485,Rajesh,Karnataka,Wheat,5.19
F9038,Ravi,Unknown,Maize,2.71
F8233,Amit,Unknown,Soybean,4.12
F6466,Rajesh,Unknown,Rice,3.42
F9462,Rajesh,UP,Soybean,4.65
F4605,Manoj,Unknown,Potato,3.57
F3539,Rajesh,Haryana,Maize,4.46
F5831,Manoj,Haryana,Ricex,2.66
F8477,Ravi,UP,Rice,4.44
F8857,Rajesh,Karnataka,Potato,3.41
F5531,Amit,Maharashtra,Rice,4.49
F3358,Sunil,Punjab,Soybean,2.88
F3048,Manoj,Punjab,Rice,1.14
F1036,Rajesh,Haryana,Potato,4.63
F9302,Rajesh,Haryanax,Wheat,3.71
F1984,Amit,Unknown,Maize,3.49
F2393,Unknown,Haryana,Wheat,3.47
F6524,Rajesh,Unknown,Ricex,3.64
F3828,Amit,Punjab,Potato,1.18
F8201,Manoj,Unknown,Rice,1.17
F9046,Sunil,Haryana,Rice,3.2
F3783,Unknown,Unknown,Rice,1.24
F5824x,Amit,Punjab,Rice,3.73
F6393,Rajesh,Punjab,Wheat,5.07
F5484,Rajesh,Karnataka,Soybean,3.58
F5037,Rajesh,Karnataka,Maize,5.09
F8368,Amit,UP,Potato,4.48
F8952x,Sunil,Karnataka,Wheat,4.88
F2477,Ravi,UP,Wheat,4.57
F6672x,Manoj,UP,Rice,4.36
F8019,Rajesh,UP,Maize,2.76
F8670,Sunil,Maharashtra,Maize,2.92
F6743,Rajesh,UP,Potato,4.75
F2091,Ravi,Punjab,Rice,5.23
F2025,Amit,Karnataka,Maize,3.18
F8396,Rajesh,Karnataka,Rice,2.6
F1186,Sunil,Haryana,Soybean,3.6
F3362,Manoj,Maharashtra,Rice,3.32
F9773,Unknown,UP,Rice,1.21
F9646,Ravi,Punjab,Soybean,1.2
F7493,Unknown,Unknown,Potato,3.47
F1767,Ravi,Haryana,Potatox,1.23
F5746,Sunilx,Unknown,Potato,3.47
F8838,Manoj,UP,Potato,1.23
F8687,Unknown,Unknown,Soybean,2.78
F7469,Sunil,UP,Rice,1.18
F9540,Amit,Punjab,Soybean,1.26
F4713,Sunil,Karnataka,Potato,3.9
F5034x,Rajesh,Karnataka,Soybean,4.55
F2884,Sunil,Haryana,Soybean,5.35
F3116,Manoj,Maharashtra,Maize,4.82
F4556,Ravi,Karnataka,Rice,4.79
F3864,Ravi,Maharashtra,Potato,4.8
F2137,Rajesh,UP,Wheat,3.4
F6709,Sunil,Unknown,Soybean,2.98
F7987,Amit,UP,Rice,2.84
F6467,Sunil,Unknown,Maize,5.12
F1604,Amit,Karnataka,Maize,4.58
F8356,Sunil,Punjab,Soybeanx,5.4
F8036,Manoj,Punjab,Soybean,4.48
F1170,Sunil,Haryana,Soybean,4.65
F9136,Ravi,UP,Soybean,4.88
F8123,Manoj,Unknown,Soybean,1.19
F4929,Unknown,Haryana,Rice,4.08
F6717,Manoj,Punjab,Maize,1.29
F6438,Ravi,Unknown,Maize,1.2
F8755,Sunil,Karnataka,Wheat,3.75
F8085,Rajesh,Maharashtra,Soybean,1.23
F7225,Ravi,Karnataka,Rice,2.62
F6302,Manoj,Unknown,Soybean,1.14
F9644,Sunil,UP,Maize,5.08
F6217x,Ravi,Unknown,Maize,4.32
F3075,Sunil,Karnataka,Wheat,3.55
F3076x,Manoj,Karnataka,Rice,3.4
F7031,Ravi,Maharashtra,Wheat,2.69
F1281,Manoj,Maharashtra,Maize,5.1
F7330,Rajesh,UP,Potato,3.32
F5937,Sunil,Karnataka,Rice,3.51
F2049,Rajesh,Punjab,Soybean,5.11
F9936,Sunil,Haryana,Potato,3.69
F9792x,Unknown,Haryana,Soybean,3.54
F6789,Rajesh,Haryana,Rice,1.11
F8308,Manoj,Haryana,Potato,4.8
F1639,Rajesh,Haryanax,Potato,2.92
F7497,Sunil,Haryana,Potatox,5.46
F1715,Unknownx,Karnataka,Potato,4.78
F5300,Amit,Punjab,Wheatx,5.04
F9744,Unknownx,Karnataka,Soybean,4.71
F4394,Unknown,Punjab,Maize,4.74
F3359,Amit,UP,Potato,2.68
F1307,Manojx,Punjab,Rice,4.8
F7418,Sunil,Karnataka,Wheat,3.5
F8234,Rajesh,Karnataka,Soybean,4.72
F1427,Manoj,Unknown,Rice,3.15
F4564,Manoj,Haryana,Soybean,3.58
F1376,Sunil,Maharashtrax,Soybean,5.18
F3276,Sunil,Karnataka,Soybean,4.5
F3476,Unknown,Maharashtra,Soybean,4.39
F3179,Amit,Haryana,Soybean,1.15
F5243,Manoj,UP,Potato,3.59
F1642,Ravi,Unknown,Potato,3.38
F3842,Sunil,Maharashtra,Wheat,4.52
F7295,Ravi,Haryana,Maize,3.45
F2201,Sunil,Maharashtra,Potato,1.18
F9261,Sunil,Haryana,Potato,1.18
F6595,Ravi,Punjab,Soybean,5.23
F4304,Rajesh,Unknown,Maize,1.11
F9743,Sunil,Unknown,Ricex,1.26
F2031,Sunil,Karnataka,Wheat,3.51
F6492,Amit,Haryana,Potato,3.71
F2239,Rajesh,Karnataka,Soybean,1.25
F7965,Amit,Maharashtra,Rice,5.07
F1930,Unknown,Haryana,Rice,2.85
F8274,Rajesh,UP,Maize,3.3
F4835,Ravi,Karnataka,Maize,4.09
F6822,Amit,UP,Potato,3.21
F4341,Ravi,Haryana,Ricex,3.36
F8957,Manoj,Karnataka,Potato,3.38
F5927,Unknown,UP,Wheat,1.3
F2002,Ravi,Punjab,Wheat,4.92
F6005,Manoj,Unknown,Potato,1.3
F7293,Ravi,Unknown,Wheat,2.7
F6505,Amit,Punjab,Wheat,5.09
F5592,Rajesh,Maharashtrax,Soybean,3.39
F6250,Rajesh,Maharashtra,Potato,2.73
F6442,Ravi,Maharashtra,Maize,2.98
F2893,Amit,Unknown,Wheat,3.47
F4182,Amit,Punjab,Maize,2.65
F3760,Unknown,Unknown,Ricex,4.34
F2383,Unknown,Karnataka,Wheat,3.24
F1507,Manoj,Unknown,Potato,4.54
F5904,Unknown,UP,Soybean,3.31
F8098,Ravi,UP,Maize,2.86
F8347,Amit,Punjab,Potato,4.76
F6654,Rajesh,Karnataka,Wheat,5.22
F2251,Ravi,Unknown,Maize,3.32
F8926,Rajesh,Haryana,Maize,4.81
F6348,Ravi,Karnataka,Wheat,3.67
F2498x,Sunil,Punjab,Maize,4.61
F9539,Manoj,Punjab,Maize,4.87
F9601,Ravi,Maharashtra,Rice,4.73
F8413,Manoj,Haryana,Rice,4.43
F3333,Unknown,Unknown,Soybean,1.24
F2381,Sunil,Maharashtra,Potato,3.53
F7468,Amit,Punjab,Soybean,1.26
F7953,Unknown,UP,Potato,3.7
F7576,Manoj,Karnataka,Wheat,4.47
F4631,Rajesh,Maharashtra,Potato,4.81
F9324,Ravi,Punjab,Maize,1.32
F6172,Ravi,Punjab,Wheat,5.29
F3047,Amit,Punjab,Wheat,4.15
F3670,Sunil,UP,Wheat,4.06
F9886,Amit,Karnatakax,Wheat,1.18
F4225,Unknown,UP,Wheat,3.51
F9443,Rajesh,Unknown,Potato,2.7
F9573,Unknown,Maharashtra,Rice,4.53
F4962,Amit,Karnataka,Potato,1.13
F8595,Sunil,Karnataka,Soybean,4.41
F7383,Amit,Punjab,Potato,2.88
F3100,Ravix,Punjab,Soybean,1.18
F8495,Ravi,Punjab,Soybean,3.23
F3546,Amit,Punjab,Soybean,1.23
F4615,Rajesh,Haryana,Rice,4.36
F6061,Ravi,Haryana,Rice,2.75
F4934,Ravi,Unknown,Wheat,3.31
F7798,Sunil,Unknown,Maize,3.65
F4281,Amit,UPx,Soybean,4.84
F6714,Ravi,Punjab,Soybean,5.16
F3624,Rajesh,Karnataka,Wheat,3.6
F8995,Unknown,Punjabx,Soybean,2.74
F1742,Ravi,Punjab,Wheat,3.34
F4593,Ravi,Punjab,Wheat,4.99
F2111,Rajesh,Karnatakax,Ricex,2.96
F2623,Amit,Haryana,Soybean,4.38
F8061,Unknown,Karnataka,Soybean,4.73
F8616,Rajesh,UP,Maize,3.55
F1430,Amitx,UP,Wheat,4.82
F2824,Manoj,Haryana,Maize,3.76
F9070,Manoj,UP,Potato,4.91
F3182,Unknown,Karnataka,Rice,2.98
F8058,Unknown,UP,Maize,4.92
F6251,Unknown,Haryana,Rice,1.11
F2957,Rajesh,Karnataka,Wheat,3.54
F5513,Ravi,Maharashtra,Rice,3.55
F9075,Sunil,Maharashtra,Wheat,4.83
F4082,Sunil,Maharashtra,Maize,3.98
F4008,Amit,UP,Maizex,4.5
F9049,Amit,Karnataka,Wheat,3.84
F6741,Sunil,Maharashtra,Soybeanx,3.42
F4811,Amit,Unknown,Wheat,3.67
F8827,Unknown,Unknown,Rice,4.52
F4434,Sunil,UP,Rice,4.08
F5064,Amit,Unknown,Soybean,4.47
F5867,Rajesh,Haryana,Maize,3.58
F8320,Ravi,Unknown,Soybean,3.36
F3462,Ravi,Haryana,Potato,2.8
F3612,Amitx,Haryana,Potato,2.74
F3324,Ravi,UP,Rice,3.35
F3218,Unknown,Unknownx,Soybean,5.13
F5504,Manoj,UP,Rice,3.59
F8866,Sunil,Haryana,Soybean,3.02
F4716,Unknown,Maharashtra,Maize,4.27
F5960x,Rajeshx,Haryana,Rice,3.72
F9628,Manojx,Unknown,Potato,3.68
F8574,Rajesh,Punjab,Wheat,4.46
F1566,Sunil,Haryana,Wheat,2.97
F2527,Unknown,Unknown,Rice,2.9
F8216,Rajesh,Maharashtra,Wheat,4.41
F4972,Amitx,UP,Soybean,1.24
F5284,Manojx,Maharashtra,Soybean,1.22
F5241,Amit,Unknown,Wheat,3.62
F7304,Unknown,Haryana,Wheat,2.91
F3142,Rajesh,Karnataka,Rice,4.88
F4021,Amit,Haryana,Soybean,3.46
F2480,Amit,Haryana,Wheat,5.15
F8895,Sunil,Unknownx,Wheat,1.17
F1167,Unknown,UPx,Maizex,1.19
F7376,Unknown,UP,Wheat,2.77
F2633,Unknown,Haryana,Maize,3.63
F5873,Manoj,Unknown,Soybean,4.27
F6134,Manoj,Punjab,Maize,1.19
F6533,Unknown,Karnataka,Rice,3.89
F7360,Unknown,Karnataka,Wheatx,3.68
F5141,Manoj,Karnataka,Wheat,3.78
F3114,Sunilx,Karnataka,Soybean,2.76
F1477,Ravi,Maharashtra,Rice,4.35
F9333,Ravi,Unknown,Rice,4.48
F3750,Unknown,Unknown,Potato,5.23
F2584,Amit,UP,Rice,3.24
F9055,Sunil,Haryana,Wheat,3.58
F8199,Unknown,Haryana,Potato,4.77
F8019,Unknown,Punjab,Maize,1.14
F5391,Sunil,Maharashtra,Wheat,3.1
F2719,Rajesh,Punjab,Rice,2.8
F3831,Manoj,Haryana,Soybean,2.8
F5298,Manoj,UP,Rice,1.24
F9566,Unknownx,Haryana,Wheat,2.65
F4400,Manoj,Unknown,Potato,1.22
F5027,Ravi,Karnataka,Potato,3.15
F3699,Ravi,Karnataka,Soybean,4.99
F4851,Sunil,Haryana,Potato,2.63
F2407,Manoj,Maharashtra,Soybean,3.43
F4313,Ravi,Unknown,Wheat,2.79
F3024,Ravi,Haryanax,Wheat,4.93
F6619,Amit,Karnataka,Potato,4.58
F1196x,Rajesh,Punjab,Soybean,4.57
F2721,Unknown,Unknown,Soybean,4.5
F1898,Sunil,UP,Maize,1.24
F6598,Sunil,UP,Soybean,4.49
F7592,Amit,Karnataka,Soybean,3.07
F7480,Amit,Punjab,Maize,1.11
F6601,Rajesh,Punjab,Potato,3.51
F5770x,Unknown,Karnataka,Soybean,5.11
F4000,Rajesh,Haryana,Rice,3.59
F1938,Sunil,Haryana,Potato,1.25
F6879,Unknown,Haryana,Soybean,4.38
F9109,Sunil,Maharashtra,Rice,1.17
F4360,Sunil,Punjab,Maize,4.79
F4217,Sunil,Punjab,Maize,4.41
F2707,Ravi,Unknown,Maize,4.54
F6515x,Unknown,Maharashtra,Soybean,3.38
F4167,Ravi,Karnataka,Potato,3.02
F7316,Sunil,Unknown,Soybean,3.6
F1256,Manoj,Haryana,Potato,2.84
F3014,Rajeshx,Haryana,Potato,2.78
F3100,Unknown,Karnataka,Potato,3.39
F9465,Rajesh,UP,Potato,5.12
F8576,Manoj,Karnataka,Potato,2.88
F2637,Manoj,Punjab,Soybean,1.22
F9421,Unknown,Karnataka,Soybean,2.83
F8350,Sunil,Karnataka,Potato,2.56
F4600,Ravi,Unknown,Maize,4.79
F9587,Rajesh,Unknown,Wheat,1.18
F8568,Sunil,Unknown,Rice,2.99
F1386,Ravi,Unknown,Wheat,5.37
F5060x,Sunil,Unknown,Rice,4.46
F8412,Manoj,Unknown,Potato,3.64
F6249,Ravi,Punjab,Rice,3.4
F7820,Manoj,Unknown,Maize,5.2
F3079,Unknown,Unknown,Maize,1.35
F5281,Manoj,Haryana,Rice,4.42
F4980,Sunil,Haryana,Wheat,1.21
F8110,Amitx,Haryana,Soybeanx,4.69
F4076,Sunil,Maharashtra,Soybean,4.7
F7636,Sunil,Haryana,Rice,5.09
F7209,Ravi,Haryana,Maize,3.69
F5842,Rajesh,Punjab,Rice,3.39
F4498,Sunil,Maharashtra,Maize,1.21
F2684,Ravi,Haryana,Potato,3.45
F6451,Ravi,Unknownx,Maize,4.56
F7671x,Ravi,Unknown,Rice,4.88
F8841,Unknown,Maharashtra,Rice,3.45
F5161,Rajesh,Maharashtra,Maize,4.57
F5140,Manoj,UP,Wheat,3.7
F9741,Rajesh,Maharashtra,Wheat,1.18
F5074,Manoj,Punjab,Potato,2.8
F3757,Ravi,UP,Soybean,4.28
F9006,Amit,Haryana,Soybean,3.43
F4044,Ravi,Haryana,Maize,3.62
F6701,Unknown,Punjab,Potato,4.29
F1222,Unknown,Punjab,Rice,2.96
F7447,Manoj,UP,Wheatx,4.23
F7041,Sunil,Haryana,Wheat,4.66
F5051,Manoj,Punjab,Rice,3.48
F3706,Sunil,Karnataka,Potato,1.16
F1166,Manoj,Haryanax,Wheat,4.61
F4040,Rajesh,Karnataka,Wheat,3.75
F4859x,Unknown,Karnataka,Maize,2.77
F5949,Unknown,Karnataka,Wheatx,1.21
F6469,Amit,Punjab,Soybean,4.97
F7393,Rajesh,Unknown,Maize,2.68
F6758,Sunil,Haryana,Potato,4.39
F8668,Unknown,Unknownx,Maize,2.79
F4355,Ravi,Maharashtra,Maizex,1.18
F2032,Amit,UP,Wheatx,1.16
F5348,Ravi,Haryana,Potato,3.47
F4127x,Manoj,UP,Potato,3.29
F3753,Unknown,Maharashtra,Wheat,3.44
F7726,Sunil,UP,Wheat,4.94
F7137,Sunil,Haryana,Rice,1.14
F2559,Rajesh,Unknown,Maize,3.26
F3192,Amit,Maharashtra,Soybean,3.38
F2784,Rajesh,UP,Wheat,3.23
F7834,Manoj,Karnataka,Soybean,3.4
F3395,Ravix,Haryana,Maize,2.94
F1560,Rajesh,Haryana,Soybean,4.57
F8522,Unknown,Maharashtra,Wheat,2.92
F7970x,Manoj,Punjab,Soybean,4.71
F9679,Sunil,Karnataka,Maize,1.18
F7699,Rajesh,Maharashtra,Maize,3.39
F1015,Unknown,Unknown,Potato,1.18
F8688,Unknown,Maharashtra,Rice,3.32
F5127,Ravi,Maharashtra,Wheat,1.17
F4975,Unknown,Maharashtra,Potato,3.38
F5328,Ravi,Haryana,Soybean,2.86
F4653,Unknown,Unknown,Potato,4.28
F9960,Amit,UP,Wheat,2.99
F2131,Unknown,Punjab,Potato,3.44
F9338,Unknown,Unknown,Soybean,4.96
F5807,Unknown,Maharashtra,Potato,5.04
F6100,Manoj,UP,Maize,2.88
F1786,Ravi,Haryana,Maize,3.92
F2682,Ravi,UP,Soybean,3.35
F5040x,Manoj,Haryana,Soybean,2.55
F7323,Sunil,Karnataka,Rice,4.81
F6189x,Unknown,Punjab,Potato,4.82
F4258,Unknown,Unknown,Maize,1.22
F3576,Ravix,UP,Maize,2.81
F8526,Sunil,Maharashtrax,Maize,2.86
F8368,Amit,Maharashtra,Soybean,5.16
F7766,Unknown,Unknown,Potato,2.86
F4046,Manoj,Unknown,Potato,3.48
F4409,Manoj,Punjab,Soybean,4.99
F6011,Manoj,Karnataka,Potato,3.53
F7055,Unknown,Punjab,Ricex,4.74
F1927,Sunil,Maharashtra,Rice,1.18
F8669x,Rajesh,Maharashtra,Maize,4.9
F6594,Manoj,Haryana,Rice,3.46
F8327,Unknown,Karnataka,Ricex,3.31
F4459,Ravi,Unknown,Potato,1.21
F6617,Ravi,Haryana,Wheat,4.44
F5030,Unknown,Haryana,Maize,3.52
F8863,Ravi,UP,Soybean,3.53
F1684x,Manoj,Maharashtra,Maize,3.36
F9915,Amit,Maharashtra,Maize,2.72
F9732x,Amit,Punjab,Potato,1.07
F4467,Amit,Haryana,Maize,2.84
F2897,Sunil,Unknown,Soybean,4.36
F4289,Ravi,Maharashtra,Wheat,1.28
F3687,Amit,Haryana,Potato,3.42
F2280,Amit,Maharashtra,Rice,2.86
F8518,Rajesh,Maharashtra,Wheat,1.24
F7065,Amit,Maharashtra,Potato,3.29
F9133,Unknown,Punjab,Maize,2.78
F7988,Manoj,Unknown,Soybean,2.57
F2555,Manoj,Punjab,Rice,3.35
F3616,Ravi,Punjab,Wheat,5.46
F7412,Manoj,Karnataka,Soybean,1.17
F5614,Unknownx,UP,Potato,5.14
F6461,Unknown,UP,Rice,5.51
F7201,Amit,UP,Wheat,3.54
F8634,Unknown,Haryanax,Maize,5.23
F1046,Sunil,Haryana,Maize,3.5
F2095,Manoj,Maharashtra,Potato,3.19
F5936,Manoj,Maharashtra,Rice,1.2
F6060,Manoj,Karnataka,Potato,3.11
F3526,Sunil,Maharashtra,Rice,4.4
F7394,Amit,Punjabx,Potato,2.72
F6700x,Rajesh,Karnataka,Potato,3.5
F4978,Ravi,Punjab,Wheat,1.2
F9974,Sunil,Punjab,Maize,3.64
F9270,Sunilx,Maharashtra,Wheat,5.08
F1202,Amit,Haryana,Rice,4.63
F5112,Ravi,Maharashtra,Potatox,2.9
F3709,Unknown,Punjab,Maize,3.1
F8443,Rajesh,Karnataka,Potatox,3.73
F3451,Unknown,Haryana,Rice,2.98
F5369,Rajesh,UP,Potato,2.85
F6465x,Manoj,Haryana,Wheat,5.19
F1612,Amit,Karnataka,Rice,4.45
F4560,Manoj,Maharashtra,Wheat,5.11
F2772,Ravi,Punjab,Potato,5.51
F7585,Manoj,Haryana,Potato,1.11
F8187,Rajesh,Karnataka,Maizex,4.99
F1885,Amit,Punjab,Soybean,1.17
F9107,Unknown,Maharashtra,Potato,4.84
F9375,Sunil,Karnataka,Ricex,3.27
F7082,Amit,Unknown,Potato,4.56
F6598,Manoj,UP,Soybean,4.54
F1224,Ravix,Unknown,Maize,4.39
F6924,Ravi,UP,Ricex,2.7
F1308,Sunil,Maharashtra,Ricex,3.43
F8364,Unknown,Haryana,Maize,1.21
F1503,Sunil,Karnataka,Soybeanx,4.18
F1056,Amit,Maharashtra,Soybean,1.08
F3850,Rajesh,UP,Soybeanx,3.29
F8346,Manoj,Karnataka,Potato,3.81
F1682,Manoj,Karnataka,Potato,3.38
F6703,Rajesh,Haryana,Wheat,5.37
F5958,Manoj,Maharashtra,Soybean,4.93
F4667,Amit,Haryana,Maize,5.08
F4455,Unknown,Haryanax,Maize,3.65
F9613,Ravi,Punjab,Maize,2.66
F4473,Unknown,UP,Soybean,3.27
F8383,Amit,UP,Rice,1.18
F8336,Unknown,Maharashtra,Wheat,3.8
F8650,Sunil,UP,Maize,3.55
F8678,Unknown,Punjab,Maize,4.59
F4041,Amit,UP,Wheat,4.9
F1548,Ravix,UP,Rice,5.71
F1722,Amit,Punjab,Wheat,1.31
F7580,Ravi,Haryana,Maize,4.95
F6857,Sunil,Maharashtra,Potatox,1.1
F8172,Amit,Maharashtra,Maize,3.76
F7797,Unknown,UP,Potato,4.76
F9839,Ravi,Punjab,Rice,3.71
F2731,Manoj,Karnataka,Wheat,3.51
F4739,Sunil,UP,Wheat,3.64
F7209,Sunil,Haryana,Maize,4.86
F5258,Manoj,Karnataka,Soybean,4.64
F2497,Unknown,UP,Rice,2.98
F6630,Unknown,Punjabx,Maize,3.57
F4546,Rajesh,Punjab,Maize,4.7
F1120,Amit,Haryana,Wheat,2.88
F9931,Manoj,Haryana,Potato,4.49
F6747,Rajesh,Unknown,Maize,3.82
F2121,Unknown,UP,Rice,4.85
F8541,Rajesh,UP,Soybean,3.25
F9684,Manoj,Punjab,Potato,1.18
F5640,Rajesh,Karnataka,Maize,4.78
F2794,Manoj,Karnataka,Potato,3.52
F3117,Ravi,UP,Wheat,2.65
F1941,Ravix,Haryana,Potato,3.47
F3258,Ravi,Maharashtra,Maize,5.01
F4523,Rajesh,UP,Rice,3.59
F9831,Unknown,Punjab,Wheat,3.62
F3533,Ravi,Maharashtra,Soybean,2.66
F3024,Ravi,Unknown,Maize,2.77
F4844,Unknown,Maharashtrax,Rice,3.56
F7725,Ravi,Haryana,Wheat,3.54
F8401,Sunil,Punjab,Rice,2.74
F1801,Sunil,Unknownx,Rice,3.25
F3175,Rajesh,Unknown,Wheat,3.26
F5337,Amit,UP,Wheat,5.07
F5271,Sunil,Karnatakax,Maize,3.58
F1825,Amit,Maharashtra,Potato,5.17
F6854,Unknown,Maharashtra,Wheat,3.7
F8671,Manoj,Karnataka,Rice,3.69
F8748,Unknown,Haryana,Maize,3.5
F1627,Rajesh,Haryana,Wheat,2.73
F9079,Amit,Haryana,Maize,3.24
F8006,Unknown,UP,Potato,4.7
F1590,Manoj,Punjab,Wheat,1.19
F8178,Rajesh,Karnataka,Rice,2.74
F5020,Sunil,Unknown,Potato,5.15
F3385,Unknown,Haryana,Rice,5.56
F5321,Manoj,Karnataka,Wheat,4.72
F6735,Amitx,Haryana,Wheat,2.98
F2610,Unknown,Maharashtra,Potato,4.94
F1886,Sunil,Haryana,Rice,4.57
F3226x,Sunil,Maharashtra,Rice,3.6
F5567,Ravi,Haryanax,Maize,3.71
F3885,Rajesh,Karnataka,Wheat,3.56
F4872,Amit,Punjab,Soybean,3.65
F7161x,Manoj,Punjab,Rice,1.31
F8033,Unknown,Unknown,Potato,1.23
F6987,Ravi,Karnataka,Rice,3.3
F2953,Sunil,Punjab,Maize,3.32
F9701,Amit,Unknown,Soybeanx,1.13
F7033,Manojx,Maharashtra,Potato,2.59
F3958,Sunil,Punjab,Soybean,1.14
F6225,Unknown,UP,Maize,1.29
F4605,Ravi,Karnataka,Soybean,3.44
F5977,Unknown,Punjab,Rice,3.11
F9547,Amit,Karnataka,Soybean,3.64
F1946,Rajesh,Punjab,Soybean,1.21
F8219,Rajesh,Maharashtra,Wheat,4.48
F2705,Sunil,Haryana,Maize,3.01
F4504,Unknown,Punjab,Wheatx,3.36
F9602,Rajesh,UP,Soybean,4.76
F7290,Amit,Haryana,Wheat,3.29
F9859,Ravix,Karnataka,Maize,4.52
F1370,Amit,Unknown,Potato,1.25
F6852,Rajesh,Unknown,Potato,3.44
F3441,Unknown,Punjab,Rice,1.39
F5044,Rajesh,Unknownx,Potato,3.46
F2273,Manoj,Karnataka,Soybean,4.85
F7108,Sunil,Punjab,Soybean,1.15
F8346,Ravi,Haryana,Rice,2.91
F8441,Unknown,Karnataka,Soybean,5.13
F8720,Amit,Maharashtra,Wheat,4.53
F7706,Manoj,UP,Maize,1.15
F6951,Unknown,Maharashtra,Soybean,3.46
F5387,Sunil,UP,Soybean,3.02
F1020,Rajesh,Haryana,Maize,3.65
F7513,Sunil,Maharashtra,Potato,1.1
F8467,Amit,Haryana,Wheat,1.19
F8483,Manoj,UP,Wheatx,3.29
F3821,Amitx,Unknown,Maize,1.2
F5567,Ravix,Punjab,Potato,1.15
F2053x,Unknown,Karnataka,Maize,4.49
F9506,Rajesh,Haryana,Wheat,3.65
F2862,Rajesh,Punjab,Maize,5.37
F4529,Manoj,Punjab,Wheat,5.35
F4130,Manoj,Punjab,Potato,1.24
F9740,Sunil,Unknown,Soybean,4.36
F8273,Ravi,Maharashtra,Maize,3.26
F5674,Amit,Unknownx,Maize,5.23
F7817,Ravi,Maharashtra,Rice,2.87
F6596,Unknown,Maharashtra,Rice,4.47
F3208,Amit,Unknown,Rice,2.72
F6139x,Rajesh,UP,Wheat,1.17
F9068,Unknown,Unknown,Wheat,1.16
F8202,Rajesh,Unknown,Potato,1.16
F5877,Ravi,Haryana,Soybean,2.81
F1998,Ravi,Unknown,Potato,5.08
F8075,Sunil,Maharashtra,Soybean,3.02
F2692,Unknown,Unknown,Soybean,3.7
F4157,Sunil,Haryana,Maize,4.77
F7165x,Rajesh,Haryana,Rice,2.89
F8797,Sunil,UP,Wheat,5.03
F6668,Amit,Karnataka,Rice,2.8
F3878,Ravi,Haryana,Soybeanx,2.89
F4250,Amit,Unknown,Wheat,3.41
F4666,Rajesh,Haryanax,Wheat,1.3
F4004,Manoj,UP,Soybean,4.71
F4070x,Unknown,Punjab,Rice,2.92
F6293,Sunil,UPx,Rice,2.92
F3283x,Sunil,Unknown,Soybean,3.19
F9993x,Sunilx,Karnataka,Maize,1.24
F4488,Rajesh,UP,Maize,2.85
F2312,Ravi,Unknown,Wheat,1.22
F7837,Unknown,UP,Rice,4.64
F7643x,Unknown,Unknown,Maize,4.63
F7633,Ravi,Haryana,Maize,5.01
F1629,Sunil,Haryana,Potato,1.18
F9693,Rajesh,UP,Maize,1.31
F4895,Manoj,Karnataka,Wheat,3.67
F2731,Amit,Punjab,Wheat,4.7
F7434,Amit,Maharashtra,Potato,5.14
F4389,Manoj,Unknown,Potato,3.84
F5376x,Rajesh,Haryana,Potato,3.34
F7323,Amitx,Karnataka,Potato,1.18
F9749,Manoj,Karnataka,Potato,3.62
F7293,Sunil,Karnataka,Rice,4.95
F6951,Rajesh,Unknown,Soybean,1.23
F5375,Ravi,UPx,Ricex,4.31
F9027,Rajesh,Maharashtra,Rice,4.57
F7431x,Amit,Karnataka,Potato,4.75
F5804,Ravi,Maharashtra,Rice,4.76
F3222,Rajesh,Haryana,Maize,3.24
F5460,Ravi,Punjab,Potato,3.6
F2610,Rajesh,Karnataka,Maize,3.57
F1698,Unknown,Haryana,Wheat,4.73
F6933,Unknownx,Punjab,Maize,3.19
F3701,Sunil,Unknown,Rice,2.66
F4087,Rajesh,Maharashtra,Wheat,2.63
F1741x,Ravi,Haryana,Rice,5.17
F2948,Amitx,Unknown,Wheat,2.89
F8850,Manoj,Haryana,Rice,3.65
F3914,Manoj,Haryana,Potato,5.43
F4341,Sunil,Punjab,Potato,4.45
F1862,Amit,Karnataka,Wheat,3.77
F5959,Manoj,Punjab,Potatox,2.88
F5295,Sunil,Unknown,Wheat,4.55
F5728,Rajesh,UP,Wheat,5.12
F8475,Amit,Unknown,Wheat,1.28
F3858,Manoj,Karnataka,Wheat,3.32
F1531,Unknown,Karnataka,Rice,5.27
F7159,Ravi,Maharashtra,Wheat,1.25
F4317,Ravi,Karnataka,Rice,3.65
F4752,Manoj,Karnataka,Maize,1.31
F1535,Amit,Punjab,Maize,3.52
F5081,Amit,Haryana,Wheat,4.19
F4038,Amit,Maharashtra,Potato,3.53
F1483,Ravi,Karnataka,Maize,5.51
F8233,Unknown,Maharashtra,Potato,4.88
F2958,Ravi,Karnataka,Maize,2.75
F7597,Manojx,UP,Maize,2.93
F6596,Ravi,UP,Maize,3.35
F4388,Ravi,Maharashtra,Rice,3.62
F6250,Amit,UP,Soybean,1.26
F3765,Sunil,UP,Soybean,5.0
F1382,Manoj,Punjab,Soybean,2.81
F7469,Rajesh,Haryana,Potato,1.17
F5192,Amit,Haryana,Potato,3.29
F4273,Ravi,Punjab,Potato,4.31
F1469,Ravi,Punjab,Soybean,1.17
F2216,Amit,Karnataka,Soybean,4.7
F5305,Unknown,Unknown,Wheat,3.11
F6045,Manoj,Karnataka,Maize,2.71
F1268,Amitx,Punjab,Wheat,1.18
F3099,Ravi,Unknown,Maize,4.33
F3695,Unknown,Maharashtra,Potato,3.52
F1019,Ravi,Haryana,Potato,2.8
F5399,Sunil,Punjab,Rice,4.54
F8648,Sunil,Haryana,Potato,3.34
F4998,Rajesh,Haryana,Potato,3.62
F4411,Amit,Haryana,Soybean,3.64
F1569,Unknown,Maharashtra,Soybean,1.15
F8566,Ravi,Maharashtrax,Maize,4.62
F1263,Unknown,Punjab,Wheat,5.61
F7331,Rajesh,Haryana,Potato,3.48
F7163,Ravi,Unknown,Maize,1.1
F2595,Unknown,UP,Potato,4.08
F7803,Sunil,Punjab,Potato,3.32
F3455,Unknown,Haryana,Potato,3.9
F5561,Amit,Karnatakax,Maize,3.37
F8916,Sunil,Unknown,Wheat,2.9
F8318,Unknown,UP,Potato,3.08
F6387,Rajesh,Maharashtra,Maize,3.24
F5984,Unknown,Unknown,Potato,1.21
F3469,Manojx,Maharashtra,Rice,1.33
F7182,Sunil,Karnataka,Rice,3.46
F6219,Sunil,Karnataka,Soybean,2.73
F8162,Rajesh,Punjab,Potato,3.74
F6172,Rajesh,Punjab,Potato,1.25
F1352,Amit,Unknown,Rice,1.14
F5084,Amit,Maharashtra,Potato,3.55
F2463,Rajesh,Karnataka,Soybean,3.3
F5562,Unknown,Karnataka,Potato,1.27
F3139,Manoj,Karnataka,Maize,3.5
F4357x,Manoj,UPx,Potato,3.28
F9642,Sunil,Karnataka,Rice,4.08
F4361,Manoj,UP,Rice,3.67
F2727,Unknown,Maharashtra,Wheat,1.25
F6110x,Ravi,Punjab,Potato,3.36
F2287,Manoj,Unknown,Soybean,3.5
F5285,Ravix,Punjab,Soybean,5.01
F8658,Unknown,Unknown,Maize,1.19
F9870,Sunil,Unknown,Soybean,4.79
F2629,Sunil,Haryana,Maize,4.5
F8413,Manoj,Unknown,Maize,3.49
F5439,Ravi,Punjab,Maize,2.78
F1427,Ravi,Maharashtra,Soybean,1.13
F3700x,Manoj,Haryana,Maize,3.58
F5116,Sunil,Maharashtra,Soybeanx,2.83
F5404,Rajesh,Maharashtra,Potato,2.7
F3835,Unknown,Unknown,Potato,2.82
F6946,Unknown,Karnataka,Maize,3.54
F9619,Unknown,Haryana,Soybean,4.96
F8718,Manoj,Haryana,Soybean,4.66
F9220,Sunil,Punjab,Potato,4.83
F3144,Ravi,Maharashtra,Wheat,3.43
F3335,Ravi,Punjabx,Wheat,1.2
F3847,Unknown,UP,Rice,3.45
F9090,Amit,UP,Maize,3.46
F2504,Unknown,Punjab,Wheat,2.94
F8116,Amit,Maharashtra,Maize,2.92
F2792,Rajesh,Punjab,Maize,4.43
F2849,Manoj,UP,Potato,3.25
F8759,Amit,UP,Maize,1.25
F5568,Sunil,Karnataka,Maize,4.25
F3015,Sunil,Punjab,Ricex,4.81
F9898,Ravi,Maharashtra,Wheat,4.47
F6549,Ravi,Karnataka,Potato,3.2
F2747,Unknown,Maharashtrax,Rice,3.62
F6315,Manoj,Unknown,Soybean,3.63
F2526,Ravi,Unknown,Potato,1.14
F1529,Rajesh,UP,Soybean,4.98
F9176,Unknown,UP,Soybean,3.31
F1626,Sunil,Unknown,Potato,4.87
F3708,Manoj,Haryana,Maize,3.73
F7568,Sunil,Maharashtra,Wheat,2.84
F3009,Unknown,Maharashtra,Potato,1.28
F9049,Ravi,UP,Wheat,5.12
F7940x,Ravi,Unknown,Soybean,5.28
F8514,Rajesh,Maharashtra,Rice,1.32
F8388,Manoj,UP,Maize,5.0
F6613,Rajesh,UP,Rice,3.34
F6062,Ravi,Maharashtra,Wheat,3.4
F3058,Unknown,Haryana,Wheat,2.87
F8729,Sunil,UP,Rice,2.6
F8970,Manoj,Haryana,Maize,4.99
F9307,Amit,Karnataka,Wheat,4.7
F7405,Sunil,Unknown,Rice,1.21
F4769,Manoj,Karnataka,Rice,2.71
F2608,Sunil,UP,Soybean,2.82
F6344,Unknown,Punjab,Wheat,3.52
F1823,Unknown,Maharashtra,Maize,4.39
F7658,Manoj,Unknown,Rice,4.85
F6311,Manoj,Maharashtra,Potato,3.61
F2679,Rajesh,Karnataka,Soybean,2.65
F6722,Sunil,Haryana,Rice,4.83
F9387x,Amit,Maharashtra,Wheat,1.09
F6146,Ravi,Karnataka,Ricex,2.91
F5224,Sunil,Karnataka,Rice,2.71
F9845,Ravi,Haryana,Rice,3.19
F3617,Sunil,UP,Soybean,3.68
F5251,Unknown,UP,Potato,4.4
F5973,Manoj,Punjabx,Soybean,1.25
F4149x,Ravi,Haryana,Soybean,1.26
F1668x,Rajesh,UP,Potato,4.23
F2615,Amit,Unknown,Maize,4.99
F6909,Ravix,Karnataka,Wheat,4.87
F1026,Manoj,UP,Wheat,4.26
F1510,Ravi,UP,Rice,4.85
F3764,Amit,Punjab,Rice,4.65
F7690,Rajesh,Punjab,Potato,5.21
F5831,Unknown,Maharashtra,Wheat,3.57
F1395,Unknown,Unknown,Rice,1.21
F8787,Unknown,Punjab,Maize,3.49
F5285,Rajesh,Maharashtra,Potato,3.47
F9905,Rajesh,Punjab,Maize,3.6
F6339,Rajesh,Maharashtra,Wheat,1.13
F9476,Ravi,Punjab,Maize,3.29
F3192,Sunil,Haryana,Soybean,4.64
F8084,Ravi,Karnataka,Maize,1.23
F2406,Unknownx,Punjab,Potatox,3.43
F3200,Unknown,Unknown,Rice,4.95
F5136,Rajesh,Haryana,Soybean,3.24
F9557,Ravi,Karnataka,Rice,4.87
F7327,Rajesh,Maharashtra,Maize,2.91
F9359,Unknown,Unknown,Wheat,3.0
F7063,Ravi,Maharashtra,Wheat,3.27
F6825,Unknown,Haryana,Rice,3.54
F8000,Unknown,UP,Maize,3.3
F6916,Manoj,Haryana,Wheat,3.55
F1733,Manoj,Maharashtra,Soybean,4.64
F5165,Amit,Maharashtra,Maize,4.3
F8855,Amit,Haryana,Soybean,1.28
F5492,Unknown,Karnataka,Rice,3.41
F7789,Ravi,UP,Rice,3.7
F9366,Amit,Haryana,Rice,2.95
F4745,Manoj,Punjab,Soybean,3.85
F8545,Manoj,UP,Wheat,4.8
F9480,Rajesh,Haryana,Wheat,4.27
F2541,Amit,Maharashtra,Maize,3.39
F2402,Unknown,Unknown,Soybean,3.53
F1232,Unknown,Punjab,Rice,3.41
F6720,Rajesh,UP,Maize,4.43
F5955,Manoj,Punjab,Wheat,3.23
F2557,Manoj,Karnataka,Soybean,4.88
F8763,Sunil,Unknown,Rice,3.57
F7307,Ravi,Punjab,Potato,3.66
F7848,Sunil,Punjab,Wheat,1.22
F4765,Ravi,Punjab,Potato,4.49
F4859,Rajesh,Maharashtra,Soybean,1.16
F7566,Amit,Karnataka,Rice,3.45
F6988,Rajesh,Karnataka,Maize,4.53
F2593,Amit,UP,Wheat,4.7
F1888,Manoj,UP,Potato,4.93
F9899,Manoj,Karnataka,Soybean,2.88
F6292,Ravi,Karnataka,Wheat,3.64
F4361,Ravi,Haryana,Soybean,4.7
F3539,Unknown,UP,Maize,5.15
F6181,Amit,Punjabx,Wheat,1.23
F6348,Amit,Unknown,Rice,3.34
F1463,Sunil,UP,Rice,2.71
F6119,Amit,Punjab,Rice,3.72
F8408,Amit,UP,Rice,1.3
F5959,Ravi,Maharashtra,Soybean,4.67
F8035x,Rajesh,Haryana,Rice,4.18
F1834,Sunil,Haryana,Soybean,4.15
F4147,Ravi,Maharashtra,Soybean,2.85
F9017,Rajesh,Punjab,Wheat,3.57
F8143,Rajesh,Haryana,Potato,3.61
F3104,Rajesh,Punjab,Potato,2.93
F4088,Ravi,Maharashtrax,Wheat,4.58
F9568x,Rajesh,UP,Rice,4.5
F1707,Manoj,Punjab,Potato,5.19
F6698,Amit,Karnatakax,Soybean,2.65
F4559,Ravi,Unknown,Maize,3.52
F2006,Amit,Maharashtra,Wheat,1.21
F3797,Manoj,Unknown,Maize,4.55
F2591,Sunilx,Punjabx,Rice,1.26
F5160,Sunil,Haryana,Rice,5.18
F5557,Rajeshx,UP,Wheat,3.5
F5738,Manoj,Punjab,Rice,2.97
F8831,Ravi,Maharashtra,Soybean,2.85
F5254,Unknown,Maharashtra,Maize,4.46
F2817,Rajesh,Maharashtra,Soybean,1.09
F8895,Sunil,Karnataka,Maize,4.54
F3386,Amit,UP,Soybean,4.68
F4154,Amit,Karnataka,Soybean,3.3
F1684,Unknown,UP,Maize,5.2
F3701,Ravi,Haryana,Wheat,1.04
F7220,Unknown,Haryana,Potato,3.2
F5995,Rajesh,UP,Soybean,1.19
F3560,Rajesh,Haryana,Potato,4.66
F4340,Manoj,Maharashtra,Soybean,2.86
F9437,Ravi,Punjab,Rice,4.62
F6077,Unknown,Maharashtra,Rice,3.81
F1943,Unknown,Punjab,Wheat,1.21
F2415,Manoj,Unknown,Soybean,2.68
F9796,Manoj,Punjab,Maize,2.67
F7350,Unknown,Karnataka,Wheat,5.3
F1057,Sunil,Unknown,Rice,3.27
F7187,Rajeshx,Haryana,Soybean,4.98
F5123,Amit,Punjab,Maize,1.2
F5819,Ravi,Unknown,Wheatx,2.77
F2379,Amit,Maharashtra,Soybean,3.48
F8888,Unknownx,Karnataka,Rice,3.74
F3698,Ravi,UP,Maize,3.62
F8393,Manoj,Haryana,Maizex,2.93
F4075,Amit,UP,Wheat,2.71
F2377,Rajesh,Maharashtra,Soybean,3.67
F2242,Rajesh,Unknown,Rice,5.19
F4945,Unknown,Punjab,Soybean,2.9
F9862,Unknown,Haryana,Rice,1.16
F6210,Ravi,Maharashtra,Potato,5.37
F7889,Unknown,UP,Soybean,5.21
F4496,Unknown,Maharashtra,Soybean,5.02
F5257,Sunil,Punjab,Wheat,3.57
F5588,Rajesh,Maharashtra,Rice,3.01
F7902,Ravi,Unknown,Maize,2.88
F8207,Sunil,Unknown,Potato,1.16
F3246,Unknown,Punjab,Rice,1.26
F6232,Rajesh,Maharashtra,Rice,2.65
F6462,Manoj,Haryana,Rice,4.37
F8440,Rajesh,Unknown,Rice,4.46
F1963,Sunil,Haryana,Soybean,1.31
F8496,Rajesh,Maharashtra,Potato,5.15
F7192x,Manoj,Karnataka,Maize,3.29
F1021,Sunil,Maharashtra,Maize,4.74
F8063,Sunil,Maharashtra,Rice,2.8
F6034,Unknown,Karnataka,Wheatx,3.6
F7776,Manoj,Unknown,Wheat,3.44
F3456,Rajesh,Maharashtra,Maize,2.7
F5808,Amit,Haryana,Potato,3.6
F5502,Unknown,Haryana,Rice,4.5
F1549,Manojx,Karnataka,Soybean,3.04
F9233x,Manoj,UP,Rice,1.22
F3343,Amit,Haryana,Wheat,5.11
F3069,Manojx,UP,Rice,3.4
F5978,Unknown,UP,Wheat,3.67
F9189,Ravi,Maharashtra,Potato,3.44
F7864,Unknown,Punjab,Soybean,3.68
F2857,Rajesh,Punjab,Soybean,1.2
F5398,Unknown,Punjab,Wheat,3.49
F7979,Manoj,Unknown,Soybean,2.83
F5229,Rajesh,Haryana,Soybean,3.67
F4358,Amit,Maharashtra,Potato,4.73
F7485,Rajesh,Karnataka,Wheat,4.92
F9038,Ravi,Unknown,Maize,2.78
F8233,Amit,Unknown,Soybean,4.36
F6466,Rajesh,Unknown,Rice,3.4
F9462,Rajesh,UP,Soybean,4.7
F4605x,Manoj,Unknown,Potato,3.67
F3539,Rajesh,Haryana,Maize,5.04
F5831,Manoj,Haryana,Rice,2.64
F8477,Ravi,UP,Rice,4.39
F8857,Rajesh,Karnataka,Potato,3.44
F5531,Amit,Maharashtra,Ricex,4.54
F3358,Sunil,Punjab,Soybean,2.79
F3048,Manoj,Punjab,Rice,1.19
F1036,Rajesh,Haryana,Potato,4.42
F9302,Rajesh,Haryana,Wheat,3.63
F1984,Amit,Unknown,Maize,3.42
F2393,Unknown,Haryana,Wheat,3.44
F6524,Rajeshx,Unknown,Rice,3.54
F3828,Amit,Punjab,Potato,1.27
F8201,Manoj,Unknown,Rice,1.17
F9046,Sunil,Haryana,Rice,2.95
F3783,Unknown,Unknown,Rice,1.19
F5824,Amitx,Punjab,Rice,3.49
F6393,Rajesh,Punjab,Wheat,4.91
F5484,Rajeshx,Karnataka,Soybean,3.67
F5037,Rajesh,Karnataka,Maizex,5.24
F8368,Amit,UP,Potato,4.36
F8952,Sunilx,Karnataka,Wheat,4.93
F2477,Ravi,UP,Wheat,4.64
F6672,Manoj,UP,Rice,4.66
F8019,Rajesh,UP,Maize,2.66
F8670,Sunil,Maharashtra,Maize,2.87
F6743,Rajesh,UP,Potato,5.01
F2091x,Ravi,Punjabx,Rice,5.0
F2025,Amit,Karnataka,Maizex,3.28
F8396,Rajesh,Karnataka,Rice,2.8
F1186x,Sunil,Haryana,Soybean,3.96
F3362,Manoj,Maharashtra,Rice,3.48
F9773,Unknown,UPx,Rice,1.17
F9646,Ravi,Punjabx,Soybean,1.15
F7493,Unknown,Unknown,Potato,3.49
F1767,Ravi,Haryana,Potato,1.19
F5746,Sunilx,Unknown,Potato,3.52
F8838,Manoj,UP,Potato,1.21
F8687,Unknown,Unknown,Soybean,2.68
F7469,Sunil,UP,Rice,1.23
F9540,Amit,Punjab,Soybean,1.18
F4713,Sunil,Karnataka,Potato,3.33
F5034,Rajesh,Karnataka,Soybean,4.35
F2884,Sunil,Haryana,Soybean,5.46
F3116,Manoj,Maharashtra,Maize,4.6
F4556,Ravi,Karnataka,Rice,4.47
F3864,Ravi,Maharashtra,Potato,4.98
F2137,Rajesh,UP,Wheat,3.26
F6709,Sunil,Unknown,Soybean,2.8
F7987,Amit,UP,Rice,2.96
F6467,Sunil,Unknown,Maize,5.0
F1604,Amit,Karnataka,Maize,4.71
F8356,Sunil,Punjab,Soybean,5.19
F8036,Manoj,Punjab,Soybean,4.39
F1170,Sunil,Haryana,Soybean,4.1
F9136,Ravi,UP,Soybean,4.87
F8123,Manoj,Unknown,Soybean,1.26
F4929,Unknown,Haryana,Rice,4.57
F6717,Manoj,Punjab,Maizex,1.35
F6438,Ravi,Unknown,Maize,1.17
F8755,Sunil,Karnataka,Wheat,3.38
F8085,Rajesh,Maharashtra,Soybean,1.13
F7225,Ravi,Karnataka,Rice,2.82
F6302,Manoj,Unknown,Soybean,1.09
F9644,Sunil,UP,Maize,5.22
F6217,Ravi,Unknown,Maize,4.42
F3075,Sunil,Karnataka,Wheat,3.6
F3076,Manoj,Karnataka,Rice,3.71
F7031,Ravi,Maharashtra,Wheat,2.66
F1281,Manoj,Maharashtra,Maize,5.01
F7330,Rajesh,UP,Potatox,3.37
F5937,Sunil,Karnatakax,Rice,3.64
F2049,Rajesh,Punjab,Soybean,4.65
F9936,Sunil,Haryana,Potato,3.59
F9792,Unknown,Haryana,Soybean,3.76
F6789,Rajesh,Haryana,Rice,1.13
F8308,Manoj,Haryana,Potatox,5.01
F1639,Rajesh,Haryana,Potato,2.8
F7497,Sunil,Haryana,Potato,5.21
F1715,Unknown,Karnataka,Potato,4.96
F5300,Amit,Punjab,Wheat,5.37
F9744,Unknown,Karnataka,Soybean,4.95
F4394,Unknown,Punjab,Maize,4.54
F3359,Amit,UP,Potato,2.76
F1307,Manoj,Punjab,Rice,4.53
F7418,Sunil,Karnataka,Wheat,3.59
F8234,Rajesh,Karnataka,Soybean,4.26
F1427,Manoj,Unknown,Rice,3.58
F4564,Manoj,Haryana,Soybean,3.5
F1376,Sunil,Maharashtra,Soybean,4.69
F3276,Sunil,Karnataka,Soybean,4.27
F3476,Unknown,Maharashtra,Soybean,4.4
F3179,Amitx,Haryana,Soybean,1.28
F5243,Manoj,UP,Potato,3.65
F1642,Ravi,Unknown,Potato,3.61
F3842x,Sunil,Maharashtra,Wheat,4.62
F7295,Ravi,Haryana,Maize,3.63
F2201,Sunil,Maharashtra,Potato,1.21
F9261,Sunil,Haryana,Potato,1.2
F6595,Ravi,Punjab,Soybean,5.13
F4304,Rajesh,Unknown,Maize,1.19
F9743,Sunil,Unknown,Rice,1.14
F2031,Sunil,Karnataka,Wheat,3.74
F6492,Amit,Haryana,Potato,3.43
F2239,Rajesh,Karnataka,Soybean,1.19
F7965,Amit,Maharashtra,Rice,4.54
F1930,Unknown,Haryana,Rice,2.56
F8274,Rajesh,UP,Maize,3.68
F4835,Ravi,Karnataka,Maize,4.28
F6822,Amit,UP,Potato,3.69
F4341,Ravi,Haryanax,Rice,3.4
F8957,Manoj,Karnataka,Potato,3.39
F5927,Unknown,UP,Wheat,1.28
F2002,Ravi,Punjab,Wheat,5.27
F6005,Manoj,Unknown,Potato,1.17
F7293,Ravi,Unknown,Wheat,2.72
F6505,Amit,Punjabx,Wheat,5.47
F5592,Rajesh,Maharashtra,Soybean,3.5
F6250,Rajesh,Maharashtra,Potato,2.64
F6442,Ravi,Maharashtra,Maize,2.86
F2893,Amit,Unknown,Wheat,3.5
F4182,Amit,Punjab,Maize,2.5
F3760,Unknown,Unknown,Rice,4.59
F2383,Unknown,Karnataka,Wheat,3.62
F1507,Manoj,Unknown,Potato,4.21
F5904,Unknown,UP,Soybeanx,3.63
F8098,Ravi,UP,Maize,2.7
F8347,Amit,Punjab,Potato,4.96
F6654,Rajesh,Karnataka,Wheat,4.83
F2251,Ravi,Unknown,Maizex,3.54
F8926,Rajesh,Haryana,Maize,4.9
F6348x,Ravi,Karnataka,Wheat,3.77
F2498,Sunil,Punjab,Maize,4.43
F9539,Manoj,Punjab,Maize,4.85
F9601,Ravi,Maharashtra,Rice,4.93
F8413,Manoj,Haryana,Rice,4.37
F3333,Unknown,Unknownx,Soybean,1.24
F2381,Sunil,Maharashtra,Potato,3.27
F7468,Amit,Punjab,Soybean,1.12
F7953,Unknown,UP,Potato,3.28
F7576,Manoj,Karnataka,Wheat,4.61
F4631,Rajesh,Maharashtra,Potato,5.01
F9324x,Ravi,Punjab,Maize,1.26
F6172,Ravix,Punjab,Wheat,4.9
F3047,Amit,Punjab,Wheat,3.97
F3670x,Sunil,UP,Wheat,4.42
F9886,Amit,Karnataka,Wheat,1.14
F4225,Unknown,UP,Wheat,3.28
F9443,Rajesh,Unknown,Potato,2.99
F9573,Unknown,Maharashtra,Rice,4.57
F4962,Amit,Karnataka,Potato,1.21
F8595,Sunil,Karnataka,Soybean,4.19
F7383,Amit,Punjab,Potatox,2.8
F3100x,Ravi,Punjab,Soybean,1.22
F8495,Ravi,Punjab,Soybean,3.68
F3546,Amit,Punjab,Soybean,1.24
F4615,Rajesh,Haryana,Rice,4.41
F6061,Ravi,Haryana,Rice,3.01
F4934,Ravi,Unknown,Wheat,3.67
F7798,Sunil,Unknown,Maize,3.56
F4281,Amitx,UP,Soybean,5.02
F6714,Ravi,Punjab,Soybean,5.0
F3624,Rajesh,Karnataka,Wheat,3.6
F8995,Unknown,Punjab,Soybean,2.72
F1742x,Ravi,Punjab,Wheat,3.2
F4593,Ravi,Punjab,Wheat,5.2
F2111,Rajesh,Karnataka,Rice,2.87
F2623,Amit,Haryana,Soybean,4.16
F8061,Unknown,Karnataka,Soybean,5.05
F8616x,Rajesh,UP,Maize,3.75
F1430,Amit,UP,Wheat,4.98
F2824,Manoj,Haryana,Maize,3.56
F9070,Manoj,UP,Potato,4.8
F3182,Unknown,Karnataka,Rice,2.84
F8058,Unknown,UP,Maize,5.05
F6251x,Unknown,Haryana,Rice,1.19
F2957,Rajesh,Karnataka,Wheat,3.35
F5513,Ravi,Maharashtra,Rice,3.85
F9075,Sunil,Maharashtra,Wheat,4.7
F4082x,Sunil,Maharashtra,Maize,3.36
F4008,Amit,UP,Maize,4.54
F9049,Amit,Karnataka,Wheat,3.46
F6741x,Sunil,Maharashtra,Soybean,3.44
F4811,Amit,Unknown,Wheat,3.43
F8827,Unknown,Unknown,Rice,4.13
F4434,Sunil,UP,Rice,4.56
F5064,Amit,Unknown,Soybean,4.22
F5867,Rajesh,Haryana,Maize,3.15
F8320,Ravi,Unknown,Soybean,3.28
F3462,Ravi,Haryana,Potato,2.58
F3612,Amit,Haryana,Potato,2.92
F3324,Ravi,UP,Rice,3.62
F3218,Unknown,Unknown,Soybean,4.92
F5504,Manoj,UPx,Rice,3.38
F8866,Sunil,Haryana,Soybean,4.05
F4716,Unknown,Maharashtra,Maize,4.8
F5960,Rajesh,Haryana,Rice,3.46
F9628,Manoj,Unknown,Potato,3.54
F8574,Rajeshx,Punjab,Wheat,4.53
F1566,Sunil,Haryana,Wheat,2.88
F2527,Unknown,Unknown,Rice,2.81
F8216,Rajesh,Maharashtra,Wheatx,4.44
F4972,Amit,UPx,Soybean,1.04
F5284,Manoj,Maharashtra,Soybean,1.17
F5241,Amit,Unknown,Wheatx,3.63
F7304,Unknown,Haryana,Wheat,2.82
F3142,Rajesh,Karnataka,Rice,4.42
F4021,Amit,Haryana,Soybean,3.53
F2480,Amit,Haryana,Wheatx,4.98
F8895,Sunil,Unknown,Wheat,1.22
F1167,Unknown,UP,Maize,1.23
F7376,Unknown,UP,Wheat,2.75
F2633,Unknownx,Haryana,Maize,3.75
F5873,Manoj,Unknown,Soybean,4.62
F6134,Manoj,Punjab,Maize,1.23
F6533,Unknown,Karnataka,Rice,3.22
F7360,Unknown,Karnataka,Wheat,3.67
F5141,Manoj,Karnataka,Wheat,3.31
F3114,Sunilx,Karnataka,Soybean,2.91
F1477x,Ravi,Maharashtra,Rice,4.44
F9333,Ravi,Unknown,Rice,4.64
F3750,Unknown,Unknown,Potato,4.51
F2584,Amit,UP,Rice,3.57
F9055,Sunil,Haryana,Wheat,3.77
F8199,Unknown,Haryana,Potato,4.7
F8019,Unknown,Punjab,Maize,1.3
F5391,Sunil,Maharashtra,Wheatx,3.28
F2719,Rajesh,Punjab,Rice,2.76
F3831x,Manoj,Haryana,Soybean,2.63
F5298,Manoj,UP,Rice,1.2
F9566,Unknown,Haryana,Wheat,2.88
F4400,Manoj,Unknown,Potato,1.22
F5027,Ravix,Karnataka,Potato,3.33
F3699,Ravix,Karnataka,Soybean,4.65
F4851,Sunilx,Haryanax,Potato,2.94
F2407,Manoj,Maharashtra,Soybean,3.37
F4313,Ravi,Unknown,Wheat,2.82
F3024,Ravi,Haryana,Wheat,4.74
F6619,Amit,Karnataka,Potato,4.46
F1196,Rajesh,Punjab,Soybean,4.63
F2721,Unknown,Unknown,Soybean,4.56
F1898,Sunil,UP,Maize,1.19
F6598,Sunil,UP,Soybean,4.56
F7592,Amit,Karnataka,Soybean,2.64
F7480x,Amit,Punjab,Maize,1.23
F6601,Rajesh,Punjab,Potato,3.78
F5770,Unknown,Karnataka,Soybean,4.75
F4000,Rajesh,Haryana,Rice,3.33
F1938,Sunil,Haryana,Potato,1.28
F6879,Unknown,Haryana,Soybean,4.29
F9109,Sunil,Maharashtra,Rice,1.16
F4360,Sunil,Punjab,Maize,3.91
F4217,Sunil,Punjab,Maizex,4.8
F2707,Ravi,Unknown,Maize,4.37
F6515,Unknown,Maharashtra,Soybean,3.77
F4167,Ravi,Karnataka,Potato,2.96
F7316,Sunilx,Unknown,Soybean,3.38
F1256,Manojx,Haryana,Potato,2.98
F3014,Rajesh,Haryana,Potato,2.72
F3100,Unknown,Karnataka,Potato,3.58
F9465,Rajesh,UP,Potato,4.8
F8576x,Manojx,Karnataka,Potato,2.97
F2637,Manoj,Punjab,Soybean,1.28
F9421,Unknown,Karnataka,Soybean,2.68
F8350,Sunil,Karnataka,Potato,2.53
F4600,Ravi,Unknownx,Maize,4.48
F9587,Rajesh,Unknown,Wheat,1.15
F8568,Sunil,Unknown,Rice,2.94
F1386,Ravi,Unknown,Wheat,4.8
F5060,Sunil,Unknown,Rice,4.78
F8412,Manoj,Unknown,Potato,3.59
F6249,Ravi,Punjab,Rice,3.51
F7820,Manoj,Unknown,Maize,5.5
F3079,Unknown,Unknown,Maize,1.26
F5281,Manoj,Haryana,Rice,4.29
F4980,Sunil,Haryana,Wheat,1.26
F8110,Amit,Haryana,Soybean,4.71
F4076,Sunil,Maharashtra,Soybean,4.39
F7636,Sunil,Haryana,Rice,5.18
F7209,Ravi,Haryana,Maize,3.45
F5842,Rajesh,Punjab,Rice,3.33
F4498,Sunil,Maharashtra,Maize,1.17
F2684,Ravi,Haryana,Potato,3.6
F6451,Ravi,Unknown,Maize,4.75
F7671,Ravi,Unknown,Rice,5.1
F8841,Unknown,Maharashtra,Rice,3.67
F5161,Rajesh,Maharashtra,Maize,4.24
F5140,Manojx,UP,Wheat,3.5
F9741,Rajesh,Maharashtra,Wheat,1.22
F5074,Manoj,Punjab,Potato,2.74
F3757,Ravi,UP,Soybean,4.66
F9006,Amit,Haryanax,Soybean,3.67
F4044,Ravi,Haryana,Maize,3.55
F6701,Unknown,Punjab,Potato,4.68
F1222,Unknown,Punjab,Rice,2.89
F7447,Manoj,UP,Wheat,4.82
F7041,Sunil,Haryana,Wheat,4.87
F5051,Manoj,Punjabx,Rice,3.5
F3706,Sunil,Karnataka,Potato,1.17
F1166,Manoj,Haryana,Wheat,4.24
F4040,Rajesh,Karnataka,Wheat,3.46
F4859,Unknown,Karnataka,Maizex,2.86
F5949,Unknown,Karnataka,Wheat,1.15
F6469,Amit,Punjab,Soybean,5.06
F7393,Rajesh,Unknown,Maize,2.75
F6758,Sunil,Haryana,Potato,4.76
F8668,Unknown,Unknown,Maize,2.84
F4355,Ravi,Maharashtra,Maize,1.08
F2032,Amit,UP,Wheat,1.1
F5348x,Ravi,Haryana,Potato,3.67
F4127,Manoj,UP,Potato,3.88
F3753,Unknown,Maharashtra,Wheatx,3.5
F7726,Sunil,UP,Wheat,4.35
F7137,Sunil,Haryana,Rice,1.26
F2559,Rajesh,Unknown,Maize,3.35
F3192,Amitx,Maharashtra,Soybean,3.56
F2784,Rajesh,UP,Wheat,3.57
F7834,Manoj,Karnataka,Soybean,3.44
F3395,Ravi,Haryana,Maize,2.63
F1560,Rajeshx,Haryana,Soybean,4.85
F8522,Unknown,Maharashtra,Wheat,3.02
F7970,Manoj,Punjab,Soybean,4.45
F9679,Sunil,Karnataka,Maize,1.21
F7699,Rajesh,Maharashtra,Maize,3.31
F1015,Unknown,Unknown,Potato,1.2
F8688,Unknown,Maharashtra,Rice,3.46
F5127,Ravi,Maharashtra,Wheat,1.25
F4975,Unknown,Maharashtra,Potato,3.56
F5328,Ravi,Haryana,Soybean,2.93
F4653,Unknown,Unknown,Potato,4.5
F9960,Amit,UP,Wheatx,2.92
F2131,Unknownx,Punjab,Potato,3.36
F9338,Unknown,Unknown,Soybean,4.92
F5807x,Unknown,Maharashtrax,Potato,4.76
F6100,Manoj,UP,Maize,2.79
F1786,Ravi,Haryana,Maize,3.32
F2682,Ravi,UP,Soybean,3.44
F5040,Manoj,Haryana,Soybean,3.01
F7323,Sunil,Karnataka,Rice,4.53
F6189,Unknown,Punjab,Potato,4.73
F4258,Unknown,Unknown,Maize,1.21
F3576,Ravi,UP,Maize,2.94
F8526,Sunil,Maharashtra,Maize,2.81
F8368,Amit,Maharashtra,Soybean,4.7
F7766,Unknown,Unknown,Potato,3.08
F4046,Manoj,Unknown,Potatox,3.51
F4409,Manoj,Punjab,Soybean,5.36
F6011,Manoj,Karnataka,Potato,3.55
F7055x,Unknown,Punjab,Rice,4.44
F1927x,Sunil,Maharashtra,Rice,1.2
F8669,Rajesh,Maharashtra,Maize,4.21
F6594,Manoj,Haryana,Rice,3.55
F8327,Unknown,Karnataka,Rice,3.55
F4459,Ravi,Unknown,Potato,1.25
F6617,Ravi,Haryana,Wheat,4.59
F5030,Unknown,Haryana,Maize,3.64
F8863,Ravi,UP,Soybean,3.55
F1684,Manoj,Maharashtra,Maize,3.38
F9915,Amit,Maharashtra,Maize,2.71
F9732,Amitx,Punjab,Potato,1.17
F4467,Amit,Haryana,Maize,2.82
F2897,Sunil,Unknown,Soybean,4.39
F4289,Ravi,Maharashtra,Wheat,1.23
F3687,Amit,Haryana,Potato,3.79
F2280,Amit,Maharashtra,Ricex,2.67
F8518x,Rajesh,Maharashtra,Wheat,1.22
F7065,Amit,Maharashtra,Potato,3.36
F9133,Unknown,Punjab,Maize,2.86
F7988,Manoj,Unknown,Soybean,2.89
F2555,Manoj,Punjab,Rice,3.15
F3616,Ravi,Punjab,Wheat,4.91
F7412,Manoj,Karnataka,Soybean,1.14
F5614,Unknown,UPx,Potato,4.85
F6461x,Unknown,UP,Rice,5.1
F7201,Amit,UP,Wheat,3.54
F8634,Unknown,Haryana,Maize,4.96
F1046x,Sunil,Haryana,Maize,3.58
F2095,Manoj,Maharashtra,Potato,3.66
F5936x,Manoj,Maharashtra,Rice,1.16
F6060,Manoj,Karnataka,Potato,2.93
F3526,Sunil,Maharashtra,Rice,4.32
F7394,Amit,Punjab,Potato,2.7
F6700,Rajesh,Karnataka,Potato,3.32
F4978,Ravi,Punjab,Wheat,1.12
F9974,Sunil,Punjabx,Maize,3.65
F9270,Sunilx,Maharashtrax,Wheat,4.66
F1202,Amit,Haryana,Rice,5.7
F5112,Ravi,Maharashtra,Potato,2.95
F3709,Unknown,Punjab,Maize,2.77
F8443,Rajesh,Karnataka,Potato,3.77
F3451,Unknown,Haryana,Rice,2.68
F5369,Rajesh,UP,Potato,2.78
F6465,Manoj,Haryana,Wheat,5.11
F1612,Amit,Karnataka,Rice,4.3
F4560,Manoj,Maharashtrax,Wheat,4.98
F2772,Ravi,Punjab,Potato,5.12
F7585,Manoj,Haryana,Potato,1.17
F8187,Rajesh,Karnataka,Maize,4.91
F1885,Amit,Punjab,Soybean,1.29
F9107,Unknownx,Maharashtra,Potato,4.89
F9375,Sunil,Karnataka,Rice,3.61
F7082,Amit,Unknown,Potato,4.2
F6598,Manoj,UP,Soybean,4.46
F1224,Ravi,Unknown,Maize,4.55
F6924,Ravi,UP,Ricex,2.63
F1308,Sunil,Maharashtra,Rice,3.6
F8364,Unknown,Haryana,Maize,1.3
F1503,Sunil,Karnataka,Soybean,4.23
F1056,Amit,Maharashtra,Soybean,1.16
F3850,Rajesh,UP,Soybeanx,3.61
F8346,Manoj,Karnataka,Potato,3.4
F1682,Manoj,Karnataka,Potato,3.5
F6703,Rajesh,Haryana,Wheat,5.29
F5958,Manoj,Maharashtra,Soybean,5.32
F4667,Amitx,Haryana,Maize,5.19
F4455,Unknown,Haryana,Maize,3.54
F9613x,Ravi,Punjab,Maizex,2.9
F4473,Unknown,UP,Soybean,3.47
F8383,Amit,UP,Rice,1.16
F8336,Unknown,Maharashtra,Wheat,3.6
F8650,Sunil,UP,Maize,3.63
F8678,Unknown,Punjab,Maize,4.16
F4041,Amit,UP,Wheat,4.8
F1548,Ravi,UP,Rice,5.17
F1722,Amit,Punjab,Wheat,1.21
F7580,Ravi,Haryana,Maize,5.15
F6857,Sunil,Maharashtra,Potato,1.15
F8172,Amit,Maharashtra,Maize,3.41
F7797,Unknownx,UP,Potato,4.87
F9839,Ravi,Punjabx,Rice,3.45
F2731,Manoj,Karnataka,Wheat,3.62
F4739,Sunil,UP,Wheat,3.58
F7209,Sunil,Haryana,Maize,4.19
F5258,Manoj,Karnataka,Soybean,4.22
F2497,Unknown,UP,Rice,3.65
F6630,Unknown,Punjab,Maize,3.38
F4546,Rajesh,Punjab,Maize,5.16
F1120,Amit,Haryana,Wheat,3.04
F9931,Manoj,Haryana,Potato,4.37
F6747,Rajesh,Unknownx,Maize,3.63
F2121,Unknown,UP,Rice,4.33
F8541,Rajesh,UP,Soybean,3.81
F9684,Manoj,Punjab,Potato,1.16
F5640,Rajesh,Karnataka,Maize,4.74
F2794,Manoj,Karnataka,Potato,3.59
F3117,Ravi,UP,Wheat,2.61
F1941,Ravi,Haryana,Potato,3.85
F3258,Ravi,Maharashtrax,Maize,5.05
F4523,Rajesh,UPx,Rice,3.29
F9831,Unknown,Punjabx,Wheatx,3.4
F3533,Ravi,Maharashtra,Soybean,2.77
F3024,Ravi,Unknown,Maize,2.8
F4844,Unknownx,Maharashtra,Rice,3.7
F7725,Ravi,Haryana,Wheat,3.25
F8401,Sunil,Punjab,Rice,2.81
F1801,Sunil,Unknownx,Rice,3.4
F3175,Rajesh,Unknown,Wheat,3.57
F5337,Amit,UP,Wheat,4.74
F5271,Sunil,Karnataka,Maize,3.43
F1825,Amit,Maharashtra,Potato,5.31
F6854,Unknown,Maharashtra,Wheatx,3.63
F8671,Manoj,Karnataka,Rice,3.5
F8748,Unknown,Haryana,Maize,3.43
F1627,Rajesh,Haryana,Wheat,2.7
F9079,Amit,Haryana,Maize,3.41
F8006,Unknown,UPx,Potato,4.93
F1590,Manoj,Punjab,Wheat,1.32
F8178,Rajesh,Karnataka,Rice,3.05
F5020,Sunil,Unknown,Potato,5.13
F3385,Unknown,Haryana,Rice,4.44
F5321,Manoj,Karnataka,Wheat,5.07
F6735,Amit,Haryana,Wheat,2.75
F2610,Unknown,Maharashtra,Potato,5.15
F1886x,Sunil,Haryana,Rice,4.49
F3226,Sunil,Maharashtra,Rice,3.42
F5567,Ravi,Haryana,Maize,3.74
F3885x,Rajesh,Karnataka,Wheat,3.44
F4872,Amit,Punjab,Soybean,3.55
F7161,Manoj,Punjab,Rice,1.16
F8033,Unknown,Unknown,Potato,1.25
F6987,Ravi,Karnataka,Rice,3.51
F2953,Sunil,Punjab,Maize,3.53
F9701,Amit,Unknown,Soybean,1.09
F7033,Manoj,Maharashtra,Potato,2.8
F3958,Sunil,Punjab,Soybean,1.11
F6225,Unknown,UP,Maize,1.23
F4605,Ravix,Karnataka,Soybean,3.78
F5977,Unknown,Punjab,Rice,3.68
F9547,Amit,Karnatakax,Soybean,3.19
F1946,Rajesh,Punjab,Soybean,1.2
F8219,Rajesh,Maharashtra,Wheat,4.45
F2705x,Sunil,Haryana,Maize,2.77
F4504,Unknown,Punjab,Wheat,3.53
F9602,Rajesh,UP,Soybean,4.8
F7290,Amit,Haryana,Wheat,3.69
F9859,Ravi,Karnataka,Maize,4.18
F1370,Amit,Unknown,Potato,1.23
F6852,Rajesh,Unknown,Potato,3.17
F3441,Unknown,Punjab,Rice,1.2
F5044,Rajesh,Unknown,Potato,3.62
F2273,Manoj,Karnataka,Soybean,5.04
F7108,Sunil,Punjab,Soybean,1.19
F8346x,Ravi,Haryanax,Rice,2.78
F8441,Unknown,Karnataka,Soybean,4.33
F8720,Amit,Maharashtra,Wheat,4.57
F7706,Manoj,UP,Maize,1.21
F6951,Unknown,Maharashtra,Soybean,3.44
F5387,Sunil,UP,Soybean,3.6
F1020,Rajesh,Haryana,Maize,3.49
F7513,Sunil,Maharashtra,Potato,1.25
F8467,Amit,Haryana,Wheat,1.2
F8483,Manoj,UP,Wheat,3.42
F3821,Amit,Unknown,Maizex,1.21
F5567,Ravi,Punjab,Potato,1.15
F2053,Unknown,Karnataka,Maize,4.89
F9506,Rajesh,Haryana,Wheat,3.47
F2862,Rajesh,Punjab,Maize,5.03
F4529,Manoj,Punjab,Wheat,4.93
F4130,Manoj,Punjabx,Potato,1.18
F9740,Sunil,Unknown,Soybean,4.31
F8273,Ravi,Maharashtra,Maize,3.35
F5674,Amit,Unknown,Maizex,4.9
F7817x,Ravi,Maharashtra,Rice,2.86
F6596,Unknown,Maharashtra,Rice,4.33
F3208,Amit,Unknown,Rice,2.69
F6139,Rajesh,UP,Wheat,1.24
F9068,Unknown,Unknown,Wheat,1.33
F8202x,Rajesh,Unknown,Potatox,1.23
F5877,Ravi,Haryana,Soybean,2.84
F1998,Ravi,Unknown,Potato,5.1
F8075,Sunil,Maharashtra,Soybean,2.6
F2692,Unknown,Unknown,Soybean,3.25
F4157,Sunil,Haryana,Maize,4.64
F7165,Rajesh,Haryana,Rice,2.77
F8797,Sunil,UP,Wheat,4.87
F6668x,Amit,Karnataka,Rice,2.79
F3878,Ravi,Haryana,Soybean,2.75
F4250,Amit,Unknown,Wheat,3.63
F4666,Rajesh,Haryana,Wheat,1.1
F4004,Manoj,UP,Soybeanx,4.98
F4070,Unknown,Punjabx,Rice,2.79
F6293,Sunil,UP,Rice,2.96
F3283,Sunil,Unknown,Soybean,3.44
F9993,Sunil,Karnataka,Maize,1.14
F4488,Rajeshx,UP,Maize,2.73
F2312x,Ravi,Unknown,Wheat,1.24
F7837,Unknown,UP,Rice,5.33
F7643,Unknown,Unknown,Maize,4.34
F7633,Ravi,Haryana,Maize,5.25
F1629,Sunil,Haryana,Potato,1.23
F9693,Rajesh,UP,Maize,1.17
F4895,Manoj,Karnataka,Wheat,3.71
F2731,Amit,Punjab,Wheat,4.17
F7434,Amit,Maharashtra,Potato,4.79
F4389,Manoj,Unknown,Potato,3.71
F5376,Rajesh,Haryana,Potato,3.53
F7323,Amit,Karnataka,Potato,1.24
F9749,Manoj,Karnataka,Potato,3.34
F7293,Sunil,Karnataka,Rice,4.18
F6951,Rajesh,Unknown,Soybean,1.08
F5375,Ravi,UP,Rice,4.51
F9027,Rajesh,Maharashtra,Rice,5.24
F7431,Amit,Karnataka,Potato,4.94
F5804,Ravi,Maharashtra,Rice,4.81
F3222,Rajesh,Haryana,Maize,3.29
F5460x,Ravix,Punjab,Potato,3.7
F2610,Rajesh,Karnataka,Maize,3.21
F1698,Unknown,Haryana,Wheat,4.96
F6933,Unknown,Punjab,Maize,3.39
F3701,Sunil,Unknown,Rice,2.82
F4087,Rajesh,Maharashtra,Wheat,2.71
F1741,Ravi,Haryana,Rice,5.1
F2948,Amit,Unknown,Wheat,2.82
F8850,Manoj,Haryana,Ricex,3.71
F3914,Manoj,Haryana,Potato,5.31
F4341,Sunil,Punjab,Potato,4.53
F1862,Amit,Karnataka,Wheat,3.46
F5959,Manoj,Punjab,Potato,3.04
F5295,Sunil,Unknown,Wheat,3.95
F5728,Rajeshx,UP,Wheat,4.75
F8475,Amit,Unknown,Wheat,1.19
F3858,Manoj,Karnataka,Wheat,3.34
F1531,Unknown,Karnataka,Rice,4.98
F7159,Ravi,Maharashtra,Wheat,1.21
F4317x,Ravi,Karnataka,Rice,3.55
F4752,Manoj,Karnataka,Maize,1.17
F1535,Amit,Punjab,Maize,3.45
F5081,Amit,Haryana,Wheat,4.65
F4038,Amit,Maharashtra,Potato,3.49
F1483,Ravi,Karnataka,Maize,5.27
F8233,Unknown,Maharashtra,Potato,5.47
F2958,Ravi,Karnataka,Maize,2.79
F7597,Manoj,UP,Maize,2.76
F6596,Ravi,UP,Maize,3.39
F4388,Ravi,Maharashtra,Rice,3.27
F6250,Amit,UP,Soybean,1.27
F3765,Sunil,UP,Soybean,5.04
F1382,Manojx,Punjab,Soybean,2.8
F7469,Rajesh,Haryana,Potato,1.26
F5192,Amit,Haryana,Potato,3.6
F4273,Ravi,Punjab,Potato,4.45
F1469,Ravi,Punjab,Soybeanx,1.28
F2216,Amit,Karnataka,Soybean,4.55
F5305,Unknown,Unknown,Wheat,2.69
F6045,Manoj,Karnataka,Maize,2.88
F1268,Amit,Punjab,Wheat,1.17
F3099,Ravi,Unknown,Maize,4.52
F3695,Unknown,Maharashtra,Potato,3.84
F1019,Ravi,Haryana,Potato,2.67
F5399,Sunil,Punjab,Rice,4.55
F8648,Sunil,Haryana,Potato,3.54
F4998x,Rajesh,Haryana,Potato,3.44
F4411,Amit,Haryana,Soybean,3.5
F1569,Unknown,Maharashtra,Soybean,1.15
F8566,Ravi,Maharashtra,Maize,5.55
F1263,Unknown,Punjab,Wheat,4.85
F7331,Rajesh,Haryana,Potato,3.38
F7163x,Ravi,Unknown,Maize,1.25
F2595,Unknown,UP,Potato,4.4
F7803,Sunil,Punjab,Potato,3.52
F3455,Unknown,Haryana,Potato,3.71
F5561,Amit,Karnataka,Maize,3.33
F8916,Sunil,Unknown,Wheat,2.58
F8318,Unknown,UP,Potato,2.99
F6387,Rajesh,Maharashtra,Maize,3.34
F5984,Unknown,Unknown,Potato,1.2
F3469,Manoj,Maharashtra,Rice,1.11
F7182,Sunil,Karnatakax,Rice,3.62
F6219,Sunil,Karnataka,Soybean,2.76
F8162,Rajesh,Punjab,Potato,3.33
F6172,Rajesh,Punjabx,Potato,1.21
F1352,Amit,Unknown,Rice,1.26
F5084,Amit,Maharashtra,Potato,3.58
F2463x,Rajesh,Karnataka,Soybean,3.28
F5562,Unknownx,Karnataka,Potato,1.18
F3139,Manoj,Karnataka,Maize,3.79
F4357,Manojx,UPx,Potato,3.3
F9642,Sunil,Karnataka,Rice,4.62
F4361,Manojx,UP,Rice,3.52
F2727,Unknown,Maharashtra,Wheatx,1.09
F6110,Ravi,Punjab,Potato,3.43
F2287,Manoj,Unknown,Soybean,3.37
F5285,Ravi,Punjab,Soybean,5.38
F8658,Unknown,Unknown,Maize,1.25
F9870,Sunil,Unknown,Soybean,4.57
F2629,Sunilx,Haryanax,Maize,4.76
F8413,Manoj,Unknown,Maize,3.62
F5439,Ravi,Punjabx,Maize,2.99
F1427,Ravi,Maharashtra,Soybean,1.25
F3700,Manoj,Haryana,Maize,3.46
F5116,Sunil,Maharashtra,Soybean,2.84
F5404,Rajesh,Maharashtra,Potato,2.84
F3835,Unknown,Unknown,Potato,2.8
F6946,Unknown,Karnataka,Maize,3.22
F9619,Unknown,Haryana,Soybean,4.91
F8718,Manoj,Haryana,Soybean,4.39
F9220,Sunil,Punjab,Potato,5.03
F3144,Ravi,Maharashtra,Wheat,3.73
F3335,Ravi,Punjab,Wheat,1.23
F3847,Unknown,UP,Rice,3.46
F9090,Amit,UP,Maize,3.27
F2504,Unknown,Punjab,Wheat,2.83
F8116,Amit,Maharashtrax,Maize,2.63
F2792,Rajesh,Punjab,Maize,4.54
F2849,Manoj,UP,Potato,3.5
F8759,Amit,UP,Maize,1.22
F5568,Sunil,Karnataka,Maize,4.47
F3015,Sunil,Punjab,Rice,4.96
F9898,Ravi,Maharashtra,Wheat,4.61
F6549,Ravi,Karnataka,Potato,3.46
F2747,Unknown,Maharashtra,Rice,3.79
F6315,Manoj,Unknown,Soybean,3.39
F2526,Ravi,Unknown,Potato,1.26
F1529,Rajesh,UPx,Soybean,4.81
F9176,Unknown,UP,Soybean,3.72
F1626,Sunil,Unknown,Potato,5.19
F3708,Manoj,Haryana,Maize,3.86
F7568,Sunil,Maharashtra,Wheat,2.83
F3009,Unknown,Maharashtra,Potato,1.17
F9049,Ravi,UP,Wheat,5.06
F7940,Ravi,Unknown,Soybean,4.85
F8514,Rajesh,Maharashtra,Rice,1.21
F8388,Manoj,UP,Maize,5.06
F6613,Rajeshx,UP,Rice,3.92
F6062,Ravi,Maharashtra,Wheat,3.82
F3058,Unknown,Haryana,Wheat,2.56
F8729,Sunil,UP,Rice,2.82
F8970x,Manoj,Haryana,Maize,5.29
F9307,Amit,Karnatakax,Wheat,4.85
F7405,Sunil,Unknown,Rice,1.19
F4769,Manoj,Karnataka,Rice,2.74
F2608,Sunil,UP,Soybean,2.84
F6344,Unknown,Punjab,Wheatx,3.56
F1823,Unknown,Maharashtra,Maize,4.41
F7658,Manoj,Unknownx,Rice,4.76
F6311,Manoj,Maharashtra,Potato,3.57
F2679,Rajesh,Karnatakax,Soybean,2.98
F6722,Sunil,Haryana,Rice,4.47
F9387,Amitx,Maharashtra,Wheat,1.33
F6146,Ravi,Karnataka,Rice,2.87
F5224,Sunil,Karnataka,Rice,2.84
F9845,Ravi,Haryana,Rice,3.44
F3617,Sunil,UP,Soybean,3.82
F5251,Unknown,UP,Potato,4.59
F5973,Manoj,Punjab,Soybean,1.15
F4149,Ravi,Haryana,Soybean,1.19
F1668,Rajeshx,UP,Potato,4.41
F2615,Amit,Unknownx,Maize,4.77
F6909,Ravi,Karnataka,Wheat,4.8
F1026,Manoj,UP,Wheat,4.6
F1510,Ravi,UP,Ricex,4.9
F3764,Amit,Punjab,Rice,4.69
F7690,Rajesh,Punjab,Potato,5.38
F5831,Unknown,Maharashtra,Wheat,3.47
F1395,Unknown,Unknown,Rice,1.17
F8787,Unknownx,Punjab,Maize,3.59
F5285,Rajesh,Maharashtra,Potato,3.53
F9905,Rajesh,Punjab,Maize,3.27
F6339,Rajesh,Maharashtrax,Wheat,1.13
F9476,Ravi,Punjab,Maize,3.5
F3192,Sunil,Haryana,Soybean,4.64
F8084,Ravi,Karnataka,Maize,1.09
F2406,Unknown,Punjab,Potato,3.23
F3200,Unknown,Unknown,Rice,4.79
F5136,Rajesh,Haryana,Soybean,3.44
F9557,Ravi,Karnataka,Rice,4.1
F7327,Rajeshx,Maharashtra,Maize,2.76
F9359,Unknown,Unknown,Wheat,2.6
F7063,Ravi,Maharashtra,Wheat,3.39
F6825,Unknown,Haryana,Rice,3.58
F8000,Unknown,UP,Maize,3.16
F6916,Manoj,Haryana,Wheat,3.37
F1733,Manoj,Maharashtra,Soybean,4.58
F5165,Amit,Maharashtra,Maize,4.11
F8855,Amit,Haryana,Soybean,1.25
F5492,Unknown,Karnataka,Rice,3.28
F7789,Ravi,UP,Rice,3.38
F9366,Amit,Haryana,Rice,2.96
F4745,Manoj,Punjabx,Soybean,3.57
F8545,Manoj,UP,Wheatx,5.04
F9480,Rajesh,Haryana,Wheatx,4.64
F2541,Amit,Maharashtra,Maize,3.52
F2402,Unknown,Unknown,Soybean,3.46
F1232,Unknown,Punjab,Rice,3.39
F6720,Rajesh,UP,Maize,4.61
F5955,Manoj,Punjab,Wheat,3.37
F2557,Manoj,Karnataka,Soybean,5.01
F8763,Sunil,Unknown,Rice,3.66
F7307,Ravi,Punjab,Potato,3.37
F7848,Sunil,Punjab,Wheat,1.21
F4765,Ravi,Punjab,Potato,4.36
F4859,Rajesh,Maharashtrax,Soybean,1.22
